fit_date,training_start,training_end,observations,scaler_mean,scaler_scale,lambda,objective_180,centers,active_state_count,collapsed_to_one_state,objective_60,delta,changed
1981-09-24,1969-09-25,1981-09-24,3000,"[0.0, 0.0, 0.0]","[1.0, 1.0, 1.0]",26.826957952797247,2546.7042574416737,"[[-0.8087054474386947, 0.8569988336554573, 0.9248473273201464], [0.028949799846142016, -0.4431453368013815, -0.42101119410959337]]",2,False,2546.7042574416737,0.0,False
1981-09-24,1969-09-25,1981-09-24,3000,"[0.0, 0.0, 0.0]","[1.0, 1.0, 1.0]",30.0,2593.149097834769,"[[-0.8014564337022899, 0.871585382988582, 0.9534096727825055], [0.0001968549788943855, -0.4133262622736009, -0.39785994418316084]]",2,False,2593.149097834769,0.0,False
1981-09-24,1969-09-25,1981-09-24,3000,"[0.0, 0.0, 0.0]","[1.0, 1.0, 1.0]",40.0,2709.010752016779,"[[-0.7994093337226208, 0.7604553344491489, 0.8699885051318474], [0.038571690810131495, -0.4046169615864502, -0.41047800923334304]]",2,False,2709.010752016779,0.0,False
1982-01-04,1970-01-06,1982-01-04,3000,"[0.0, 0.0, 0.0]","[1.0, 1.0, 1.0]",26.826957952797247,2542.094563625814,"[[-0.819369691852366, 0.8598515547554964, 0.9277319903828323], [0.04445346034809454, -0.44959021560608364, -0.43010700266051455]]",2,False,2542.094563625814,0.0,False
1982-01-04,1970-01-06,1982-01-04,3000,"[0.0, 0.0, 0.0]","[1.0, 1.0, 1.0]",30.0,2586.517152286652,"[[-0.819369691852366, 0.8598515547554964, 0.9277319903828323], [0.04445346034809454, -0.44959021560608364, -0.43010700266051455]]",2,False,2586.517152286652,0.0,False
1982-01-04,1970-01-06,1982-01-04,3000,"[0.0, 0.0, 0.0]","[1.0, 1.0, 1.0]",40.0,2692.551191163594,"[[-0.8303949486859834, 0.7888032289484979, 0.8907358086897392], [0.054585005481914105, -0.4134060317527103, -0.4141265530652835]]",2,False,2692.551191163594,0.0,False
1982-07-01,1970-07-06,1982-07-01,3000,"[0.0, 0.0, 0.0]","[1.0, 1.0, 1.0]",26.826957952797247,2438.0258448043332,"[[-0.8127149322976915, 0.8772382228824029, 0.9601258035779329], [-0.09936214740855592, -0.3727530419312816, -0.37324810744705106]]",2,False,2438.025844804333,4.547473508864641e-13,False
1982-07-01,1970-07-06,1982-07-01,3000,"[0.0, 0.0, 0.0]","[1.0, 1.0, 1.0]",30.0,2476.102349370764,"[[-0.8127149322976915, 0.8772382228824029, 0.9601258035779329], [-0.09936214740855592, -0.3727530419312816, -0.37324810744705106]]",2,False,2476.102349370764,0.0,False
1982-07-01,1970-07-06,1982-07-01,3000,"[0.0, 0.0, 0.0]","[1.0, 1.0, 1.0]",40.0,2589.2913836507637,"[[-0.8290454857218029, 0.7928942246372764, 0.8959226121906104], [-0.06690252142835759, -0.363857310439201, -0.37876260390323235]]",2,False,2589.291383650764,-4.547473508864641e-13,False
1983-01-03,1971-01-07,1983-01-03,3000,"[0.0, 0.0, 0.0]","[1.0, 1.0, 1.0]",26.826957952797247,2484.694648219511,"[[-0.8043653016097148, 0.8783095400609476, 0.9551459421665055], [-0.08254212431076328, -0.3666692733645858, -0.3575509570299416]]",2,False,2484.694648219511,0.0,False
1983-01-03,1971-01-07,1983-01-03,3000,"[0.0, 0.0, 0.0]","[1.0, 1.0, 1.0]",30.0,2522.5896701117204,"[[-0.8124842171685656, 0.8768413176374349, 0.9591001072673484], [-0.08595835073194819, -0.35251928395145515, -0.34556809071202477]]",2,False,2522.5896701117204,0.0,False
1983-01-03,1971-01-07,1983-01-03,3000,"[0.0, 0.0, 0.0]","[1.0, 1.0, 1.0]",40.0,2624.7365629391516,"[[-0.828812728121593, 0.7925955594087684, 0.8950116404649425], [-0.053050127800165034, -0.3429675340064661, -0.3501944781843642]]",2,False,2624.736562939152,-4.547473508864641e-13,False
1983-07-01,1971-07-07,1983-07-01,3000,"[0.0, 0.0, 0.0]","[1.0, 1.0, 1.0]",26.826957952797247,2651.7640034973388,"[[-0.7251692824063404, 0.8992860984031849, 1.0567679162112864], [-0.07254406673479714, -0.3809377709968235, -0.3865946961164252]]",2,False,2651.7640034973388,0.0,False
1983-07-01,1971-07-07,1983-07-01,3000,"[0.0, 0.0, 0.0]","[1.0, 1.0, 1.0]",30.0,2687.088151642123,"[[-0.7115308649141271, 0.9121473682630462, 1.0727053976127687], [-0.0909469675406698, -0.36817030065898765, -0.3730468152629386]]",2,False,2687.088151642123,0.0,False
1983-07-01,1971-07-07,1983-07-01,3000,"[0.0, 0.0, 0.0]","[1.0, 1.0, 1.0]",40.0,2797.0881516421227,"[[-0.7115308649141271, 0.9121473682630462, 1.0727053976127687], [-0.0909469675406698, -0.36817030065898765, -0.3730468152629386]]",2,False,2797.0881516421227,0.0,False
1984-01-02,1972-01-05,1984-01-02,3000,"[0.0, 0.0, 0.0]","[1.0, 1.0, 1.0]",26.826957952797247,2616.8600789446955,"[[-0.6696044788123776, 0.8677232450223441, 1.1093372274994386], [-0.09207445183758857, -0.3603813019233197, -0.3770999070815144]]",2,False,2616.8600789446955,0.0,False
1984-01-02,1972-01-05,1984-01-02,3000,"[0.0, 0.0, 0.0]","[1.0, 1.0, 1.0]",30.0,2648.5904994167217,"[[-0.6696044788123776, 0.8677232450223441, 1.1093372274994386], [-0.09207445183758857, -0.3603813019233197, -0.3770999070815144]]",2,False,2648.5904994167217,0.0,False
1984-01-02,1972-01-05,1984-01-02,3000,"[0.0, 0.0, 0.0]","[1.0, 1.0, 1.0]",40.0,2748.5904994167204,"[[-0.6696044788123776, 0.8677232450223441, 1.1093372274994386], [-0.09207445183758857, -0.3603813019233197, -0.3770999070815144]]",2,False,2748.5904994167204,0.0,False
1984-07-02,1972-07-04,1984-07-02,3000,"[0.0, 0.0, 0.0]","[1.0, 1.0, 1.0]",26.826957952797247,2614.2628706564838,"[[-0.7318586258996733, 0.8599196567800088, 1.1148114520551256], [-0.07269153900914595, -0.3632004385239535, -0.3484612056516114]]",2,False,2614.262870656484,-4.547473508864641e-13,False
1984-07-02,1972-07-04,1984-07-02,3000,"[0.0, 0.0, 0.0]","[1.0, 1.0, 1.0]",30.0,2649.1663331757154,"[[-0.7318586258996733, 0.8599196567800088, 1.1148114520551256], [-0.07269153900914595, -0.3632004385239535, -0.3484612056516114]]",2,False,2649.1663331757154,0.0,False
1984-07-02,1972-07-04,1984-07-02,3000,"[0.0, 0.0, 0.0]","[1.0, 1.0, 1.0]",40.0,2759.1663331757154,"[[-0.7318586258996733, 0.8599196567800088, 1.1148114520551256], [-0.07269153900914595, -0.3632004385239535, -0.3484612056516114]]",2,False,2759.1663331757154,0.0,False
1985-01-02,1973-01-02,1985-01-02,3000,"[0.0, 0.0, 0.0]","[1.0, 1.0, 1.0]",26.826957952797247,2598.806423556694,"[[-0.7473568019606186, 0.8737786197000463, 1.0946423733276527], [-0.055733314380658025, -0.36096591735871075, -0.366994663857293]]",2,False,2598.806423556694,0.0,False
1985-01-02,1973-01-02,1985-01-02,3000,"[0.0, 0.0, 0.0]","[1.0, 1.0, 1.0]",30.0,2633.7098860759215,"[[-0.7473568019606186, 0.8737786197000463, 1.0946423733276527], [-0.055733314380658025, -0.36096591735871075, -0.366994663857293]]",2,False,2633.709886075921,4.547473508864641e-13,False
1985-01-02,1973-01-02,1985-01-02,3000,"[0.0, 0.0, 0.0]","[1.0, 1.0, 1.0]",40.0,2743.7098860759224,"[[-0.7473568019606186, 0.8737786197000463, 1.0946423733276527], [-0.055733314380658025, -0.36096591735871075, -0.366994663857293]]",2,False,2743.7098860759224,0.0,False
1985-07-01,1973-06-28,1985-07-01,3000,"[0.0, 0.0, 0.0]","[1.0, 1.0, 1.0]",26.826957952797247,2560.9446991054997,"[[-0.7392671963577397, 0.9039501660948596, 1.1230822226052661], [-0.10049767906954772, -0.365942824467476, -0.3810438912585452]]",2,False,2560.9446991055,-4.547473508864641e-13,False
1985-07-01,1973-06-28,1985-07-01,3000,"[0.0, 0.0, 0.0]","[1.0, 1.0, 1.0]",30.0,2595.848161624729,"[[-0.7392671963577397, 0.9039501660948596, 1.1230822226052661], [-0.10049767906954772, -0.365942824467476, -0.3810438912585452]]",2,False,2595.848161624729,0.0,False
1985-07-01,1973-06-28,1985-07-01,3000,"[0.0, 0.0, 0.0]","[1.0, 1.0, 1.0]",40.0,2705.848161624728,"[[-0.7392671963577397, 0.9039501660948596, 1.1230822226052661], [-0.10049767906954772, -0.365942824467476, -0.3810438912585452]]",2,False,2705.848161624728,0.0,False
1986-01-02,1973-12-28,1986-01-02,3000,"[0.0, 0.0, 0.0]","[1.0, 1.0, 1.0]",26.826957952797247,2581.294779615753,"[[-0.5929378000568216, 1.0067783537783495, 1.2646829407176845], [-0.24787838720594735, -0.31976166519497434, -0.2926707180317465]]",2,False,2581.294779615753,0.0,False
1986-01-02,1973-12-28,1986-01-02,3000,"[0.0, 0.0, 0.0]","[1.0, 1.0, 1.0]",30.0,2616.198242134984,"[[-0.5929378000568216, 1.0067783537783495, 1.2646829407176845], [-0.24787838720594735, -0.31976166519497434, -0.2926707180317465]]",2,False,2616.198242134984,0.0,False
1986-01-02,1973-12-28,1986-01-02,3000,"[0.0, 0.0, 0.0]","[1.0, 1.0, 1.0]",40.0,2726.1982421349835,"[[-0.5929378000568216, 1.0067783537783495, 1.2646829407176845], [-0.24787838720594735, -0.31976166519497434, -0.2926707180317465]]",2,False,2726.1982421349835,0.0,False
1986-07-01,1974-06-27,1986-07-01,3000,"[0.0, 0.0, 0.0]","[1.0, 1.0, 1.0]",26.826957952797247,2898.1024617585117,"[[-0.4762088531746553, 1.0041028057775274, 1.2997709369926644], [-0.27327370366426057, -0.3487349829565141, -0.27970562891290823]]",2,False,2898.102461758512,-4.547473508864641e-13,False
1986-07-01,1974-06-27,1986-07-01,3000,"[0.0, 0.0, 0.0]","[1.0, 1.0, 1.0]",30.0,2936.178966324943,"[[-0.4762088531746553, 1.0041028057775274, 1.2997709369926644], [-0.27327370366426057, -0.3487349829565141, -0.27970562891290823]]",2,False,2936.178966324943,0.0,False
1986-07-01,1974-06-27,1986-07-01,3000,"[0.0, 0.0, 0.0]","[1.0, 1.0, 1.0]",40.0,3053.50725068368,"[[-0.37292189077826193, 1.07180240529747, 1.4164645177354958], [-0.3652051536035554, -0.2463857977123703, -0.185626975758576]]",2,False,3053.50725068368,0.0,False
1987-01-02,1974-12-27,1987-01-02,3000,"[0.0, 0.0, 0.0]","[1.0, 1.0, 1.0]",26.826957952797247,3109.5500024691887,"[[-0.4718663700792425, 1.0047162451813016, 1.3125790225071463], [-0.19092207623898644, -0.3301351204910367, -0.24321494531019497]]",2,False,3109.5500024691887,0.0,False
1987-01-02,1974-12-27,1987-01-02,3000,"[0.0, 0.0, 0.0]","[1.0, 1.0, 1.0]",30.0,3144.4534649884185,"[[-0.4718663700792425, 1.0047162451813016, 1.3125790225071463], [-0.19092207623898644, -0.3301351204910367, -0.24321494531019497]]",2,False,3144.4534649884185,0.0,False
1987-01-02,1974-12-27,1987-01-02,3000,"[0.0, 0.0, 0.0]","[1.0, 1.0, 1.0]",40.0,3253.0266918826615,"[[-0.36525096533895346, 1.0737761141495663, 1.4334096805966614], [-0.29132560899928134, -0.2310082936172036, -0.15416582039370375]]",2,False,3253.026691882661,4.547473508864641e-13,False
1987-07-01,1975-06-27,1987-07-01,3000,"[0.0, 0.0, 0.0]","[1.0, 1.0, 1.0]",26.826957952797247,3216.7588809987824,"[[-0.5136745836538933, 0.9140235216452246, 1.2423441381706524], [-0.020734397050637097, -0.3517579330434317, -0.289388612415786]]",2,False,3216.7588809987824,0.0,False
1987-07-01,1975-06-27,1987-07-01,3000,"[0.0, 0.0, 0.0]","[1.0, 1.0, 1.0]",30.0,3251.662343518013,"[[-0.5136745836538933, 0.9140235216452246, 1.2423441381706524], [-0.020734397050637097, -0.3517579330434317, -0.289388612415786]]",2,False,3251.662343518013,0.0,False
1987-07-01,1975-06-27,1987-07-01,3000,"[0.0, 0.0, 0.0]","[1.0, 1.0, 1.0]",40.0,3361.662343518014,"[[-0.5136745836538933, 0.9140235216452246, 1.2423441381706524], [-0.020734397050637097, -0.3517579330434317, -0.289388612415786]]",2,False,3361.662343518014,0.0,False
1988-01-04,1975-12-30,1988-01-04,3000,"[0.0, 0.0, 0.0]","[1.0, 1.0, 1.0]",26.826957952797247,4411.097257299564,"[[-0.30835600552224035, 0.24229707542799286, 0.3935485332921667], [4.585628645958563, -0.9525774845781679, -0.6241172978546232]]",2,False,4411.097257299564,0.0,False
1988-01-04,1975-12-30,1988-01-04,3000,"[0.0, 0.0, 0.0]","[1.0, 1.0, 1.0]",30.0,4426.962467535578,"[[-0.30835600552224035, 0.24229707542799286, 0.3935485332921667], [4.585628645958563, -0.9525774845781679, -0.6241172978546232]]",2,False,4426.962467535578,0.0,False
1988-01-04,1975-12-30,1988-01-04,3000,"[0.0, 0.0, 0.0]","[1.0, 1.0, 1.0]",40.0,4476.962467535578,"[[-0.30835600552224035, 0.24229707542799286, 0.3935485332921667], [4.585628645958563, -0.9525774845781679, -0.6241172978546232]]",2,False,4476.962467535578,0.0,False
1988-07-01,1976-06-29,1988-07-01,3000,"[0.0, 0.0, 0.0]","[1.0, 1.0, 1.0]",26.826957952797247,4421.347638140837,"[[-0.2592944299659811, 0.2408104771091159, 0.3491025037823892], [4.401681341788632, -0.9237182935255033, -0.6923646223583534]]",2,False,4421.347638140837,0.0,False
1988-07-01,1976-06-29,1988-07-01,3000,"[0.0, 0.0, 0.0]","[1.0, 1.0, 1.0]",30.0,4440.385890424053,"[[-0.2592944299659811, 0.2408104771091159, 0.3491025037823892], [4.401681341788632, -0.9237182935255033, -0.6923646223583534]]",2,False,4440.385890424053,0.0,False
1988-07-01,1976-06-29,1988-07-01,3000,"[0.0, 0.0, 0.0]","[1.0, 1.0, 1.0]",40.0,4500.385890424052,"[[-0.2592944299659811, 0.2408104771091159, 0.3491025037823892], [4.401681341788632, -0.9237182935255033, -0.6923646223583534]]",2,False,4500.385890424052,0.0,False
1989-01-02,1976-12-29,1989-01-02,3000,"[0.0, 0.0, 0.0]","[1.0, 1.0, 1.0]",26.826957952797247,4354.600881935291,"[[-0.2664853104067543, 0.29961680822437625, 0.3934331492691317], [4.205626247537226, -0.9364872179601612, -0.6901783194868752]]",2,False,4354.600881935291,0.0,False
1989-01-02,1976-12-29,1989-01-02,3000,"[0.0, 0.0, 0.0]","[1.0, 1.0, 1.0]",30.0,4373.639134218508,"[[-0.2664853104067543, 0.29961680822437625, 0.3934331492691317], [4.205626247537226, -0.9364872179601612, -0.6901783194868752]]",2,False,4373.639134218508,0.0,False
1989-01-02,1976-12-29,1989-01-02,3000,"[0.0, 0.0, 0.0]","[1.0, 1.0, 1.0]",40.0,4433.639134218508,"[[-0.2664853104067543, 0.29961680822437625, 0.3934331492691317], [4.205626247537226, -0.9364872179601612, -0.6901783194868752]]",2,False,4433.639134218508,0.0,False
1989-07-03,1977-06-30,1989-07-03,3000,"[0.0, 0.0, 0.0]","[1.0, 1.0, 1.0]",26.826957952797247,4288.937067390572,"[[-0.2351142313008127, 0.30374634940719963, 0.4122321984522964], [4.205626247537226, -0.936487217960161, -0.6901783194868752]]",2,False,4288.937067390572,0.0,False
1989-07-03,1977-06-30,1989-07-03,3000,"[0.0, 0.0, 0.0]","[1.0, 1.0, 1.0]",30.0,4307.975319673788,"[[-0.2351142313008127, 0.30374634940719963, 0.4122321984522964], [4.205626247537226, -0.936487217960161, -0.6901783194868752]]",2,False,4307.975319673788,0.0,False
1989-07-03,1977-06-30,1989-07-03,3000,"[0.0, 0.0, 0.0]","[1.0, 1.0, 1.0]",40.0,4367.975319673787,"[[-0.2351142313008127, 0.30374634940719963, 0.4122321984522964], [4.205626247537226, -0.936487217960161, -0.6901783194868752]]",2,False,4367.975319673787,0.0,False
1990-01-02,1978-01-02,1990-01-02,3000,"[0.0, 0.0, 0.0]","[1.0, 1.0, 1.0]",26.826957952797247,4433.77000509069,"[[-0.17135060625554316, 0.3226256615770675, 0.42985169833885134], [4.482429727502714, -0.8643655020370249, -0.6234841042497983]]",2,False,4433.77000509069,0.0,False
1990-01-02,1978-01-02,1990-01-02,3000,"[0.0, 0.0, 0.0]","[1.0, 1.0, 1.0]",30.0,4459.154341468312,"[[-0.17135060625554316, 0.3226256615770675, 0.42985169833885134], [4.482429727502714, -0.8643655020370249, -0.6234841042497983]]",2,False,4459.154341468312,0.0,False
1990-01-02,1978-01-02,1990-01-02,3000,"[0.0, 0.0, 0.0]","[1.0, 1.0, 1.0]",40.0,4539.154341468313,"[[-0.17135060625554316, 0.3226256615770675, 0.42985169833885134], [4.482429727502714, -0.8643655020370249, -0.6234841042497983]]",2,False,4539.154341468313,0.0,False
1990-07-02,1978-06-30,1990-07-02,3000,"[0.0, 0.0, 0.0]","[1.0, 1.0, 1.0]",26.826957952797247,4388.14998835369,"[[-0.10019585482268133, 0.3374186061466636, 0.4481018167194149], [4.482429727502714, -0.8643655020370249, -0.6234841042497982]]",2,False,4388.14998835369,0.0,False
1990-07-02,1978-06-30,1990-07-02,3000,"[0.0, 0.0, 0.0]","[1.0, 1.0, 1.0]",30.0,4413.534324731314,"[[-0.10019585482268133, 0.3374186061466636, 0.4481018167194149], [4.482429727502714, -0.8643655020370249, -0.6234841042497982]]",2,False,4413.534324731314,0.0,False
1990-07-02,1978-06-30,1990-07-02,3000,"[0.0, 0.0, 0.0]","[1.0, 1.0, 1.0]",40.0,4493.534324731312,"[[-0.10019585482268133, 0.3374186061466636, 0.4481018167194149], [4.482429727502714, -0.8643655020370249, -0.6234841042497982]]",2,False,4493.534324731312,0.0,False
1991-01-02,1978-12-27,1991-01-02,3000,"[0.0, 0.0, 0.0]","[1.0, 1.0, 1.0]",26.826957952797247,4477.589327714966,"[[-0.0708473712079162, 0.32549384898083283, 0.4236997792475527], [3.776874165975457, -0.9536029233956942, -0.7697413905551469]]",2,False,4477.589327714966,0.0,False
1991-01-02,1978-12-27,1991-01-02,3000,"[0.0, 0.0, 0.0]","[1.0, 1.0, 1.0]",30.0,4509.319748186994,"[[-0.0708473712079162, 0.32549384898083283, 0.4236997792475527], [3.776874165975457, -0.9536029233956942, -0.7697413905551469]]",2,False,4509.319748186994,0.0,False
1991-01-02,1978-12-27,1991-01-02,3000,"[0.0, 0.0, 0.0]","[1.0, 1.0, 1.0]",40.0,4599.91195916021,"[[-0.08958321985240729, 0.3356194331781209, 0.43965346365639424], [3.510215337195038, -0.8962763415668068, -0.7685382215487983]]",2,False,4599.91195916021,0.0,False
1991-07-01,1979-06-27,1991-07-01,3000,"[0.0, 0.0, 0.0]","[1.0, 1.0, 1.0]",26.826957952797247,4382.443241041683,"[[-0.05719821208308059, 0.3912228691811518, 0.46815170337740647], [3.419449873009596, -0.8916736506888245, -0.7882310485879782]]",2,False,4382.443241041683,0.0,False
1991-07-01,1979-06-27,1991-07-01,3000,"[0.0, 0.0, 0.0]","[1.0, 1.0, 1.0]",30.0,4414.173661513712,"[[-0.05719821208308059, 0.3912228691811518, 0.46815170337740647], [3.419449873009596, -0.8916736506888245, -0.7882310485879782]]",2,False,4414.173661513712,0.0,False
1991-07-01,1979-06-27,1991-07-01,3000,"[0.0, 0.0, 0.0]","[1.0, 1.0, 1.0]",40.0,4514.173661513712,"[[-0.05719821208308059, 0.3912228691811518, 0.46815170337740647], [3.419449873009596, -0.8916736506888245, -0.7882310485879782]]",2,False,4514.173661513712,0.0,False
1992-01-02,1979-12-21,1992-01-02,3000,"[0.0, 0.0, 0.0]","[1.0, 1.0, 1.0]",26.826957952797247,4359.092779154002,"[[-0.03112062334069631, 0.38904716872892914, 0.48873192249874653], [3.3975740008351463, -0.8544321565040727, -0.753639743000164]]",2,False,4359.092779154002,0.0,False
1992-01-02,1979-12-21,1992-01-02,3000,"[0.0, 0.0, 0.0]","[1.0, 1.0, 1.0]",30.0,4397.169283720435,"[[-0.03112062334069631, 0.38904716872892914, 0.48873192249874653], [3.3975740008351463, -0.8544321565040727, -0.753639743000164]]",2,False,4397.169283720435,0.0,False
1992-01-02,1979-12-21,1992-01-02,3000,"[0.0, 0.0, 0.0]","[1.0, 1.0, 1.0]",40.0,4517.169283720434,"[[-0.03112062334069631, 0.38904716872892914, 0.48873192249874653], [3.3975740008351463, -0.8544321565040727, -0.753639743000164]]",2,False,4517.169283720434,0.0,False
1992-07-01,1980-06-27,1992-07-01,3000,"[0.0, 0.0, 0.0]","[1.0, 1.0, 1.0]",26.826957952797247,4268.524274558579,"[[-0.053335055776161405, 0.4121087189783429, 0.5186161007102523], [3.388738514020046, -0.8497300006167725, -0.7507032693879527]]",2,False,4268.524274558579,0.0,False
1992-07-01,1980-06-27,1992-07-01,3000,"[0.0, 0.0, 0.0]","[1.0, 1.0, 1.0]",30.0,4306.600779125009,"[[-0.053335055776161405, 0.4121087189783429, 0.5186161007102523], [3.388738514020046, -0.8497300006167725, -0.7507032693879527]]",2,False,4306.600779125009,0.0,False
1992-07-01,1980-06-27,1992-07-01,3000,"[0.0, 0.0, 0.0]","[1.0, 1.0, 1.0]",40.0,4426.6007791250095,"[[-0.053335055776161405, 0.4121087189783429, 0.5186161007102523], [3.388738514020046, -0.8497300006167725, -0.7507032693879527]]",2,False,4426.6007791250095,0.0,False
1993-01-04,1980-12-30,1993-01-04,3000,"[0.0, 0.0, 0.0]","[1.0, 1.0, 1.0]",26.826957952797247,4495.263918422818,"[[-0.006471967422490765, 0.37491224330295586, 0.47090889918992745], [3.406492031150344, -0.858130457266269, -0.7572978770861721]]",2,False,4495.263918422818,0.0,False
1993-01-04,1980-12-30,1993-01-04,3000,"[0.0, 0.0, 0.0]","[1.0, 1.0, 1.0]",30.0,4533.340422989251,"[[-0.006471967422490765, 0.37491224330295586, 0.47090889918992745], [3.406492031150344, -0.858130457266269, -0.7572978770861721]]",2,False,4533.340422989251,0.0,False
1993-01-04,1980-12-30,1993-01-04,3000,"[0.0, 0.0, 0.0]","[1.0, 1.0, 1.0]",40.0,4653.340422989252,"[[-0.006471967422490765, 0.37491224330295586, 0.47090889918992745], [3.406492031150344, -0.858130457266269, -0.7572978770861721]]",2,False,4653.340422989252,0.0,False
1993-07-01,1981-07-02,1993-07-01,3000,"[0.0, 0.0, 0.0]","[1.0, 1.0, 1.0]",26.826957952797247,4422.230828658701,"[[0.0041647742686879725, 0.37559221977495116, 0.4745582459478886], [3.406492031150344, -0.858130457266269, -0.7572978770861722]]",2,False,4422.230828658701,0.0,False
1993-07-01,1981-07-02,1993-07-01,3000,"[0.0, 0.0, 0.0]","[1.0, 1.0, 1.0]",30.0,4460.307333225132,"[[0.0041647742686879725, 0.37559221977495116, 0.4745582459478886], [3.406492031150344, -0.858130457266269, -0.7572978770861722]]",2,False,4460.307333225132,0.0,False
1993-07-01,1981-07-02,1993-07-01,3000,"[0.0, 0.0, 0.0]","[1.0, 1.0, 1.0]",40.0,4580.30733322513,"[[0.0041647742686879725, 0.37559221977495116, 0.4745582459478886], [3.406492031150344, -0.858130457266269, -0.7572978770861722]]",2,False,4580.30733322513,0.0,False
1994-01-03,1982-01-06,1994-01-03,3000,"[0.0, 0.0, 0.0]","[1.0, 1.0, 1.0]",26.826957952797247,4399.277355029029,"[[-0.047050958381083, 0.4968335868656212, 0.5941248531376687], [2.9741782942503714, -0.9293253185124077, -0.8477834301950754]]",2,False,4399.277355029029,0.0,False
1994-01-03,1982-01-06,1994-01-03,3000,"[0.0, 0.0, 0.0]","[1.0, 1.0, 1.0]",30.0,4443.699943689867,"[[-0.047050958381083, 0.4968335868656212, 0.5941248531376687], [2.9741782942503714, -0.9293253185124077, -0.8477834301950754]]",2,False,4443.699943689867,0.0,False
1994-01-03,1982-01-06,1994-01-03,3000,"[0.0, 0.0, 0.0]","[1.0, 1.0, 1.0]",40.0,4574.399388206738,"[[-0.020490652324945322, 0.44515568310129094, 0.5394170265129575], [3.392502002383698, -0.8528117732377016, -0.7532103004886462]]",2,False,4574.399388206738,0.0,False
1994-07-01,1982-07-07,1994-07-01,3000,"[0.0, 0.0, 0.0]","[1.0, 1.0, 1.0]",26.826957952797247,4358.214138331398,"[[0.010545514113210116, 0.49192844155975723, 0.6220929268514677], [2.9778382828494636, -0.9305582560976464, -0.8490608344624837]]",2,False,4358.214138331398,0.0,False
1994-07-01,1982-07-07,1994-07-01,3000,"[0.0, 0.0, 0.0]","[1.0, 1.0, 1.0]",30.0,4402.636726992233,"[[0.010545514113210116, 0.49192844155975723, 0.6220929268514677], [2.9778382828494636, -0.9305582560976464, -0.8490608344624837]]",2,False,4402.636726992233,0.0,False
1994-07-01,1982-07-07,1994-07-01,3000,"[0.0, 0.0, 0.0]","[1.0, 1.0, 1.0]",40.0,4532.920897865168,"[[0.03619999045104829, 0.44027856329836923, 0.566299531992305], [3.4017523340142204, -0.8566299955863773, -0.7558662971028064]]",2,False,4532.920897865168,0.0,False
1995-01-02,1983-01-06,1995-01-02,3000,"[0.0, 0.0, 0.0]","[1.0, 1.0, 1.0]",26.826957952797247,4396.076193033687,"[[0.01240318249692954, 0.4632632097894376, 0.6004003409814821], [2.9778382828494627, -0.9305582560976462, -0.8490608344624835]]",2,False,4396.076193033687,0.0,False
1995-01-02,1983-01-06,1995-01-02,3000,"[0.0, 0.0, 0.0]","[1.0, 1.0, 1.0]",30.0,4440.498781694522,"[[0.01240318249692954, 0.4632632097894376, 0.6004003409814821], [2.9778382828494627, -0.9305582560976462, -0.8490608344624835]]",2,False,4440.498781694522,0.0,False
1995-01-02,1983-01-06,1995-01-02,3000,"[0.0, 0.0, 0.0]","[1.0, 1.0, 1.0]",40.0,4563.8161318944285,"[[0.03861296497760578, 0.41217211616745203, 0.5449420720875805], [3.406492031150344, -0.858130457266269, -0.7572978770861719]]",2,False,4563.8161318944285,0.0,False
1995-07-03,1983-07-07,1995-07-03,3000,"[0.0, 0.0, 0.0]","[1.0, 1.0, 1.0]",26.826957952797247,4194.216705010448,"[[0.023338227171651453, 0.3300592359247867, 0.43173122198707115], [3.412000168381753, -0.8592503926103593, -0.7569025838196801]]",2,False,4194.216705010448,0.0,False
1995-07-03,1983-07-07,1995-07-03,3000,"[0.0, 0.0, 0.0]","[1.0, 1.0, 1.0]",30.0,4232.293209576883,"[[0.023338227171651453, 0.3300592359247867, 0.43173122198707115], [3.412000168381753, -0.8592503926103593, -0.7569025838196801]]",2,False,4232.293209576883,0.0,False
1995-07-03,1983-07-07,1995-07-03,3000,"[0.0, 0.0, 0.0]","[1.0, 1.0, 1.0]",40.0,4352.293209576885,"[[0.023338227171651453, 0.3300592359247867, 0.43173122198707115], [3.412000168381753, -0.8592503926103593, -0.7569025838196801]]",2,False,4352.293209576885,0.0,False
1996-01-02,1984-01-05,1996-01-02,3000,"[0.0, 0.0, 0.0]","[1.0, 1.0, 1.0]",26.826957952797247,4145.919032141203,"[[0.02818056708403081, 0.3199491363292857, 0.3789451366613267], [3.4168466400673294, -0.8613708181962412, -0.7570747160237757]]",2,False,4145.919032141203,0.0,False
1996-01-02,1984-01-05,1996-01-02,3000,"[0.0, 0.0, 0.0]","[1.0, 1.0, 1.0]",30.0,4183.99553670764,"[[0.02818056708403081, 0.3199491363292857, 0.3789451366613267], [3.4168466400673294, -0.8613708181962412, -0.7570747160237757]]",2,False,4183.99553670764,0.0,False
1996-01-02,1984-01-05,1996-01-02,3000,"[0.0, 0.0, 0.0]","[1.0, 1.0, 1.0]",40.0,4303.995536707645,"[[0.02818056708403081, 0.3199491363292857, 0.3789451366613267], [3.4168466400673294, -0.8613708181962412, -0.7570747160237757]]",2,False,4303.995536707645,0.0,False
1996-07-01,1984-07-04,1996-07-01,3000,"[0.0, 0.0, 0.0]","[1.0, 1.0, 1.0]",26.826957952797247,4084.5140762085116,"[[0.003057027641473515, 0.34922505344549526, 0.39495631467382114], [3.412000168381753, -0.8592503926103595, -0.7569025838196801]]",2,False,4084.514076208512,-4.547473508864641e-13,False
1996-07-01,1984-07-04,1996-07-01,3000,"[0.0, 0.0, 0.0]","[1.0, 1.0, 1.0]",30.0,4122.590580774946,"[[0.003057027641473515, 0.34922505344549526, 0.39495631467382114], [3.412000168381753, -0.8592503926103595, -0.7569025838196801]]",2,False,4122.590580774946,0.0,False
1996-07-01,1984-07-04,1996-07-01,3000,"[0.0, 0.0, 0.0]","[1.0, 1.0, 1.0]",40.0,4242.59058077495,"[[0.003057027641473515, 0.34922505344549526, 0.39495631467382114], [3.412000168381753, -0.8592503926103595, -0.7569025838196801]]",2,False,4242.59058077495,0.0,False
1997-01-02,1985-01-07,1997-01-02,3000,"[0.0, 0.0, 0.0]","[1.0, 1.0, 1.0]",26.826957952797247,4077.165049081054,"[[0.004170828632601566, 0.354429704000816, 0.41292732853227093], [3.412000168381752, -0.8592503926103593, -0.75690258381968]]",2,False,4077.165049081054,0.0,False
1997-01-02,1985-01-07,1997-01-02,3000,"[0.0, 0.0, 0.0]","[1.0, 1.0, 1.0]",30.0,4115.241553647484,"[[0.004170828632601566, 0.354429704000816, 0.41292732853227093], [3.412000168381752, -0.8592503926103593, -0.75690258381968]]",2,False,4115.241553647484,0.0,False
1997-01-02,1985-01-07,1997-01-02,3000,"[0.0, 0.0, 0.0]","[1.0, 1.0, 1.0]",40.0,4235.241553647479,"[[0.004170828632601566, 0.354429704000816, 0.41292732853227093], [3.412000168381752, -0.8592503926103593, -0.75690258381968]]",2,False,4235.241553647479,0.0,False
1997-07-01,1985-07-05,1997-07-01,3000,"[0.0, 0.0, 0.0]","[1.0, 1.0, 1.0]",26.826957952797247,4018.552804829725,"[[0.04575795783282787, 0.348515425169672, 0.42291924930644903], [3.412000168381753, -0.8592503926103593, -0.7569025838196801]]",2,False,4018.552804829725,0.0,False
1997-07-01,1985-07-05,1997-07-01,3000,"[0.0, 0.0, 0.0]","[1.0, 1.0, 1.0]",30.0,4056.629309396157,"[[0.04575795783282787, 0.348515425169672, 0.42291924930644903], [3.412000168381753, -0.8592503926103593, -0.7569025838196801]]",2,False,4056.629309396157,0.0,False
1997-07-01,1985-07-05,1997-07-01,3000,"[0.0, 0.0, 0.0]","[1.0, 1.0, 1.0]",40.0,4176.629309396159,"[[0.04575795783282787, 0.348515425169672, 0.42291924930644903], [3.412000168381753, -0.8592503926103593, -0.7569025838196801]]",2,False,4176.629309396159,0.0,False
1998-01-02,1986-01-08,1998-01-02,3000,"[0.0, 0.0, 0.0]","[1.0, 1.0, 1.0]",26.826957952797247,3914.367710152603,"[[0.059737101411366005, 0.30984808963880117, 0.37333163847747064], [3.3708904216050555, -0.85219279598067, -0.7182390710313988]]",2,False,3914.367710152603,0.0,False
1998-01-02,1986-01-08,1998-01-02,3000,"[0.0, 0.0, 0.0]","[1.0, 1.0, 1.0]",30.0,3958.7902988134397,"[[0.059737101411366005, 0.30984808963880117, 0.37333163847747064], [3.3708904216050555, -0.85219279598067, -0.7182390710313988]]",2,False,3958.79029881344,-4.547473508864641e-13,False
1998-01-02,1986-01-08,1998-01-02,3000,"[0.0, 0.0, 0.0]","[1.0, 1.0, 1.0]",40.0,4098.790298813442,"[[0.059737101411366005, 0.30984808963880117, 0.37333163847747064], [3.3708904216050555, -0.85219279598067, -0.7182390710313988]]",2,False,4098.790298813442,0.0,False
1998-07-01,1986-07-08,1998-07-01,3000,"[0.0, 0.0, 0.0]","[1.0, 1.0, 1.0]",26.826957952797247,3740.7584009953284,"[[0.02696089414394864, 0.3324985953805688, 0.37204310610028746], [3.4469964344897686, -0.8783723064684712, -0.8242022916691668]]",2,False,3740.758400995328,4.547473508864641e-13,False
1998-07-01,1986-07-08,1998-07-01,3000,"[0.0, 0.0, 0.0]","[1.0, 1.0, 1.0]",30.0,3782.007947608963,"[[0.02696089414394864, 0.3324985953805688, 0.37204310610028746], [3.4469964344897686, -0.8783723064684712, -0.8242022916691668]]",2,False,3782.007947608963,0.0,False
1998-07-01,1986-07-08,1998-07-01,3000,"[0.0, 0.0, 0.0]","[1.0, 1.0, 1.0]",40.0,3912.0079476089586,"[[0.02696089414394864, 0.3324985953805688, 0.37204310610028746], [3.4469964344897686, -0.8783723064684712, -0.8242022916691668]]",2,False,3912.007947608959,-4.547473508864641e-13,False
1999-01-04,1987-01-13,1999-01-04,3000,"[0.0, 0.0, 0.0]","[1.0, 1.0, 1.0]",26.826957952797247,3802.4832989055735,"[[0.0077401746274589605, 0.34840841568618724, 0.3925200542659384], [3.350135620912339, -0.8274564192407007, -0.766992344757075]]",2,False,3802.4832989055735,0.0,False
1999-01-04,1987-01-13,1999-01-04,3000,"[0.0, 0.0, 0.0]","[1.0, 1.0, 1.0]",30.0,3840.559803472006,"[[0.0077401746274589605, 0.34840841568618724, 0.3925200542659384], [3.350135620912339, -0.8274564192407007, -0.766992344757075]]",2,False,3840.559803472006,0.0,False
1999-01-04,1987-01-13,1999-01-04,3000,"[0.0, 0.0, 0.0]","[1.0, 1.0, 1.0]",40.0,3960.559803472005,"[[0.0077401746274589605, 0.34840841568618724, 0.3925200542659384], [3.350135620912339, -0.8274564192407007, -0.766992344757075]]",2,False,3960.559803472005,0.0,False
1999-07-01,1987-07-14,1999-07-01,3000,"[0.0, 0.0, 0.0]","[1.0, 1.0, 1.0]",26.826957952797247,3783.286236089697,"[[0.0993045429581591, 0.30502106787594924, 0.34775335586926115], [4.229765601865869, -0.9480036355336635, -0.8295211920076618]]",2,False,3783.286236089697,0.0,False
1999-07-01,1987-07-14,1999-07-01,3000,"[0.0, 0.0, 0.0]","[1.0, 1.0, 1.0]",30.0,3821.3627406561295,"[[0.0993045429581591, 0.30502106787594924, 0.34775335586926115], [4.229765601865869, -0.9480036355336635, -0.8295211920076618]]",2,False,3821.3627406561295,0.0,False
1999-07-01,1987-07-14,1999-07-01,3000,"[0.0, 0.0, 0.0]","[1.0, 1.0, 1.0]",40.0,3937.9713194207093,"[[0.11844219595958524, 0.2970811573964957, 0.3434757925794535], [4.316374729194228, -0.9509025628378668, -0.8670985640319783]]",2,False,3937.971319420709,4.547473508864641e-13,False
2000-01-03,1988-01-19,2000-01-03,3000,"[0.0, 0.0, 0.0]","[1.0, 1.0, 1.0]",26.826957952797247,3178.8460693933584,"[[-0.06061844065436446, 0.4080431023991622, 0.4441949083433848], [2.21541273684173, -0.669819904502629, -0.5830066352564517]]",2,False,3178.8460693933584,0.0,False
2000-01-03,1988-01-19,2000-01-03,3000,"[0.0, 0.0, 0.0]","[1.0, 1.0, 1.0]",30.0,3220.0956160069945,"[[-0.06061844065436446, 0.4080431023991622, 0.4441949083433848], [2.21541273684173, -0.669819904502629, -0.5830066352564517]]",2,False,3220.0956160069945,0.0,False
2000-01-03,1988-01-19,2000-01-03,3000,"[0.0, 0.0, 0.0]","[1.0, 1.0, 1.0]",40.0,3350.095616006993,"[[-0.06061844065436446, 0.4080431023991622, 0.4441949083433848], [2.21541273684173, -0.669819904502629, -0.5830066352564517]]",2,False,3350.095616006993,0.0,False
2000-07-03,1988-07-22,2000-07-03,3000,"[0.0, 0.0, 0.0]","[1.0, 1.0, 1.0]",26.826957952797247,3275.057591147077,"[[-0.054368950553323046, 0.43869945107659575, 0.5092435601976855], [2.096348704403626, -0.6569360107843708, -0.47253176020266896]]",2,False,3275.057591147077,0.0,False
2000-07-03,1988-07-22,2000-07-03,3000,"[0.0, 0.0, 0.0]","[1.0, 1.0, 1.0]",30.0,3316.3071377607134,"[[-0.054368950553323046, 0.43869945107659575, 0.5092435601976855], [2.096348704403626, -0.6569360107843708, -0.47253176020266896]]",2,False,3316.307137760713,4.547473508864641e-13,False
2000-07-03,1988-07-22,2000-07-03,3000,"[0.0, 0.0, 0.0]","[1.0, 1.0, 1.0]",40.0,3446.299873548665,"[[0.011277314200547952, 0.402999469734257, 0.5058619150327163], [2.2801270887435665, -0.7381854629921883, -0.7020965090219228]]",2,False,3446.299873548665,0.0,False
2001-01-02,1989-01-19,2001-01-02,3000,"[0.0, 0.0, 0.0]","[1.0, 1.0, 1.0]",26.826957952797247,3346.356615609373,"[[-0.22938454021728677, 0.8328591943388609, 0.914152531278679], [0.9446802037383749, -0.40778257523561473, -0.2729588588104849]]",2,False,3346.356615609373,0.0,False
2001-01-02,1989-01-19,2001-01-02,3000,"[0.0, 0.0, 0.0]","[1.0, 1.0, 1.0]",30.0,3388.633595697827,"[[-0.28274523512356725, 0.8458387636122955, 0.92208623796412], [0.9292332198923898, -0.3574923005047807, -0.22132817415060047]]",2,False,3388.633595697827,0.0,False
2001-01-02,1989-01-19,2001-01-02,3000,"[0.0, 0.0, 0.0]","[1.0, 1.0, 1.0]",40.0,3518.5986344956686,"[[-0.2550088344375825, 0.7997171195261986, 0.8844104366103918], [0.9401961366888082, -0.35290429076747787, -0.22208867855630926]]",2,False,3518.5986344956686,0.0,False
2001-07-02,1989-07-24,2001-07-02,3000,"[0.0, 0.0, 0.0]","[1.0, 1.0, 1.0]",26.826957952797247,3326.2752192443695,"[[-0.21211247657504095, 0.8610571054005305, 0.9412564248363477], [0.9507389902803706, -0.419181876174931, -0.311751180179801]]",2,False,3326.275219244369,4.547473508864641e-13,False
2001-07-02,1989-07-24,2001-07-02,3000,"[0.0, 0.0, 0.0]","[1.0, 1.0, 1.0]",30.0,3373.3767220366813,"[[-0.2692644267869575, 0.8770907115123667, 0.9528465595407187], [0.9356556030057707, -0.37170615941982277, -0.26258436250239997]]",2,False,3373.3767220366813,0.0,False
2001-07-02,1989-07-24,2001-07-02,3000,"[0.0, 0.0, 0.0]","[1.0, 1.0, 1.0]",40.0,3503.376722036678,"[[-0.2692644267869575, 0.8770907115123667, 0.9528465595407187], [0.9356556030057707, -0.37170615941982277, -0.26258436250239997]]",2,False,3503.376722036678,0.0,False
2002-01-02,1990-01-19,2002-01-02,3000,"[0.0, 0.0, 0.0]","[1.0, 1.0, 1.0]",26.826957952797247,3243.795295358919,"[[-0.14683839667884352, 0.7174922979855705, 0.8202926569629263], [1.0660931250267602, -0.5190616084912364, -0.478581741480953]]",2,False,3243.795295358919,0.0,False
2002-01-02,1990-01-19,2002-01-02,3000,"[0.0, 0.0, 0.0]","[1.0, 1.0, 1.0]",30.0,3290.178845159995,"[[-0.12848327856187475, 0.6686962147031663, 0.775835396553318], [1.0977395962756373, -0.521836630621396, -0.48816007877154843]]",2,False,3290.178845159995,0.0,False
2002-01-02,1990-01-19,2002-01-02,3000,"[0.0, 0.0, 0.0]","[1.0, 1.0, 1.0]",40.0,3409.7017405201395,"[[0.05186320913782853, 0.34465434997967753, 0.46490713526311], [1.753010744382946, -0.7296759684909238, -0.8040442358564618]]",2,False,3409.7017405201395,0.0,False
2002-07-01,1990-07-23,2002-07-01,3000,"[0.0, 0.0, 0.0]","[1.0, 1.0, 1.0]",26.826957952797247,3193.6589749111777,"[[-0.20304971583575737, 0.7830987364230835, 0.8594163410770436], [1.0358292048442999, -0.5073092862313932, -0.4759216332388762]]",2,False,3193.6589749111777,0.0,False
2002-07-01,1990-07-23,2002-07-01,3000,"[0.0, 0.0, 0.0]","[1.0, 1.0, 1.0]",30.0,3238.081563572015,"[[-0.20304971583575737, 0.7830987364230835, 0.8594163410770436], [1.0358292048442999, -0.5073092862313932, -0.4759216332388762]]",2,False,3238.081563572015,0.0,False
2002-07-01,1990-07-23,2002-07-01,3000,"[0.0, 0.0, 0.0]","[1.0, 1.0, 1.0]",40.0,3353.8656871228563,"[[-0.17820239439940067, 0.7462504145488591, 0.8524853045483268], [1.0096228885061629, -0.47192862497193333, -0.46230731522003915]]",2,False,3353.8656871228563,0.0,False
2003-01-02,1991-01-28,2003-01-02,3000,"[0.0, 0.0, 0.0]","[1.0, 1.0, 1.0]",26.826957952797247,3523.867769520217,"[[0.08303385494264438, 0.300406392287353, 0.3885396456358439], [2.144375678921394, -0.7498041135212317, -0.8755606467009694]]",2,False,3523.867769520217,0.0,False
2003-01-02,1991-01-28,2003-01-02,3000,"[0.0, 0.0, 0.0]","[1.0, 1.0, 1.0]",30.0,3558.771232039447,"[[0.08303385494264438, 0.300406392287353, 0.3885396456358439], [2.144375678921394, -0.7498041135212317, -0.8755606467009694]]",2,False,3558.771232039447,0.0,False
2003-01-02,1991-01-28,2003-01-02,3000,"[0.0, 0.0, 0.0]","[1.0, 1.0, 1.0]",40.0,3651.568095586259,"[[0.03781982859189111, 0.3586782635574731, 0.46003981933461746], [1.8284451897263851, -0.6710621097417566, -0.7839561033425816]]",2,False,3651.568095586259,0.0,False
2003-07-01,1991-07-30,2003-07-01,3000,"[0.0, 0.0, 0.0]","[1.0, 1.0, 1.0]",26.826957952797247,3561.55252875656,"[[0.0817472452378929, 0.30832092685688167, 0.413772697310837], [2.1927310768419304, -0.7078800609692035, -0.8686608840404485]]",2,False,3561.55252875656,0.0,False
2003-07-01,1991-07-30,2003-07-01,3000,"[0.0, 0.0, 0.0]","[1.0, 1.0, 1.0]",30.0,3599.629033322992,"[[0.0817472452378929, 0.30832092685688167, 0.413772697310837], [2.1927310768419304, -0.7078800609692035, -0.8686608840404485]]",2,False,3599.629033322992,0.0,False
2003-07-01,1991-07-30,2003-07-01,3000,"[0.0, 0.0, 0.0]","[1.0, 1.0, 1.0]",40.0,3692.247593819391,"[[-0.008846709529471452, 0.38261186921197515, 0.49326775869406914], [1.8331501923637963, -0.5889321262783642, -0.6933827977068967]]",2,False,3692.247593819391,0.0,False
2004-01-02,1992-02-04,2004-01-02,3000,"[0.0, 0.0, 0.0]","[1.0, 1.0, 1.0]",26.826957952797247,3417.6347993576023,"[[0.07357729522273589, 0.4090193523890933, 0.5151048022569911], [1.9640714846967018, -0.6911399887170385, -0.837013388851904]]",2,False,3417.6347993576023,0.0,False
2004-01-02,1992-02-04,2004-01-02,3000,"[0.0, 0.0, 0.0]","[1.0, 1.0, 1.0]",30.0,3449.365219829629,"[[0.07357729522273589, 0.4090193523890933, 0.5151048022569911], [1.9640714846967018, -0.6911399887170385, -0.837013388851904]]",2,False,3449.365219829629,0.0,False
2004-01-02,1992-02-04,2004-01-02,3000,"[0.0, 0.0, 0.0]","[1.0, 1.0, 1.0]",40.0,3533.212644046111,"[[0.06804334325027458, 0.4143142708332412, 0.5289510516123654], [1.8933934455452748, -0.6543907787853241, -0.8073474133964772]]",2,False,3533.212644046111,0.0,False
2004-07-01,1992-08-07,2004-07-01,3000,"[0.0, 0.0, 0.0]","[1.0, 1.0, 1.0]",26.826957952797247,3362.3245649882306,"[[0.15326407356542587, 0.3498340230997844, 0.46925135801692414], [2.1973052871706242, -0.70570823741212, -0.8842291101480596]]",2,False,3362.3245649882306,0.0,False
2004-07-01,1992-08-07,2004-07-01,3000,"[0.0, 0.0, 0.0]","[1.0, 1.0, 1.0]",30.0,3390.881943413055,"[[0.15326407356542587, 0.3498340230997844, 0.46925135801692414], [2.1973052871706242, -0.70570823741212, -0.8842291101480596]]",2,False,3390.881943413055,0.0,False
2004-07-01,1992-08-07,2004-07-01,3000,"[0.0, 0.0, 0.0]","[1.0, 1.0, 1.0]",40.0,3465.9526202423017,"[[0.11598209712620391, 0.4052355282506589, 0.54253736940259], [1.9152527033656437, -0.6385450152280779, -0.8029867726580393]]",2,False,3465.9526202423017,0.0,False
2005-01-03,1993-02-12,2005-01-03,3000,"[0.0, 0.0, 0.0]","[1.0, 1.0, 1.0]",26.826957952797247,3223.0617097067584,"[[0.2372217691712385, 0.27808800970039693, 0.3766529912422542], [3.0213984859154315, -0.8619675267561929, -1.017108311081134]]",2,False,3223.0617097067584,0.0,False
2005-01-03,1993-02-12,2005-01-03,3000,"[0.0, 0.0, 0.0]","[1.0, 1.0, 1.0]",30.0,3254.7921301787846,"[[0.2372217691712385, 0.27808800970039693, 0.3766529912422542], [3.0213984859154315, -0.8619675267561929, -1.017108311081134]]",2,False,3254.7921301787846,0.0,False
2005-01-03,1993-02-12,2005-01-03,3000,"[0.0, 0.0, 0.0]","[1.0, 1.0, 1.0]",40.0,3338.496883811769,"[[0.13608229976420877, 0.3432280159216172, 0.4762485372253633], [2.335893967636694, -0.6577932814615367, -0.8318736410837901]]",2,False,3338.496883811769,0.0,False
2005-07-01,1993-08-17,2005-07-01,3000,"[0.0, 0.0, 0.0]","[1.0, 1.0, 1.0]",26.826957952797247,3147.2703401107833,"[[0.23583687782036306, 0.2630988792242482, 0.38730781512455775], [3.0213984859154306, -0.8619675267561927, -1.0171083110811345]]",2,False,3147.2703401107838,-4.547473508864641e-13,False
2005-07-01,1993-08-17,2005-07-01,3000,"[0.0, 0.0, 0.0]","[1.0, 1.0, 1.0]",30.0,3179.0007605828096,"[[0.23583687782036306, 0.2630988792242482, 0.38730781512455775], [3.0213984859154306, -0.8619675267561927, -1.0171083110811345]]",2,False,3179.0007605828096,0.0,False
2005-07-01,1993-08-17,2005-07-01,3000,"[0.0, 0.0, 0.0]","[1.0, 1.0, 1.0]",40.0,3262.083782932556,"[[0.13454138135284183, 0.3265501537149678, 0.4881037735799963], [2.3358939676366934, -0.6577932814615369, -0.8318736410837905]]",2,False,3262.083782932556,0.0,False
2006-01-02,1994-02-18,2006-01-02,3000,"[0.0, 0.0, 0.0]","[1.0, 1.0, 1.0]",26.826957952797247,3155.546058096845,"[[0.12621934480966104, 0.30813140144368617, 0.4431848112865658], [2.5639783931643647, -0.7064400286592354, -0.8649899980339308]]",2,False,3155.546058096845,0.0,False
2006-01-02,1994-02-18,2006-01-02,3000,"[0.0, 0.0, 0.0]","[1.0, 1.0, 1.0]",30.0,3187.276478568872,"[[0.12621934480966104, 0.30813140144368617, 0.4431848112865658], [2.5639783931643647, -0.7064400286592354, -0.8649899980339308]]",2,False,3187.276478568872,0.0,False
2006-01-02,1994-02-18,2006-01-02,3000,"[0.0, 0.0, 0.0]","[1.0, 1.0, 1.0]",40.0,3267.4543079156915,"[[0.10387458788128281, 0.33170034441446017, 0.48305718867788533], [2.3341954850825695, -0.6567452672120406, -0.8314435685381879]]",2,False,3267.4543079156915,0.0,False
2006-07-03,1994-08-23,2006-07-03,3000,"[0.0, 0.0, 0.0]","[1.0, 1.0, 1.0]",26.826957952797247,3238.25550016198,"[[0.07390033393655644, 0.3721186004023949, 0.5396846335092597], [2.331833567183341, -0.6569271707643812, -0.8311911283261253]]",2,False,3238.25550016198,0.0,False
2006-07-03,1994-08-23,2006-07-03,3000,"[0.0, 0.0, 0.0]","[1.0, 1.0, 1.0]",30.0,3263.639836539602,"[[0.07390033393655644, 0.3721186004023949, 0.5396846335092597], [2.331833567183341, -0.6569271707643812, -0.8311911283261253]]",2,False,3263.639836539602,0.0,False
2006-07-03,1994-08-23,2006-07-03,3000,"[0.0, 0.0, 0.0]","[1.0, 1.0, 1.0]",40.0,3328.4650066617305,"[[-0.0024962244580874157, 0.44009129150577025, 0.6116022891566437], [1.9811302736581564, -0.5713543482143926, -0.6754565762525859]]",2,False,3328.4650066617305,0.0,False
2007-01-02,1995-02-22,2007-01-02,3000,"[0.0, 0.0, 0.0]","[1.0, 1.0, 1.0]",26.826957952797247,3158.2764727879317,"[[-0.0848325186727923, 0.5335735991183826, 0.6831629363020254], [1.919625354590105, -0.5541425279719865, -0.5960031906022232]]",2,False,3158.276472787932,-4.547473508864641e-13,False
2007-01-02,1995-02-22,2007-01-02,3000,"[0.0, 0.0, 0.0]","[1.0, 1.0, 1.0]",30.0,3182.2253667126897,"[[-0.02969316313860761, 0.4963402579212595, 0.6659404855591772], [1.9801162232038931, -0.5706162652978172, -0.6747809472332228]]",2,False,3182.2253667126897,0.0,False
2007-01-02,1995-02-22,2007-01-02,3000,"[0.0, 0.0, 0.0]","[1.0, 1.0, 1.0]",40.0,3242.225366712688,"[[-0.02969316313860761, 0.4963402579212595, 0.6659404855591772], [1.9801162232038931, -0.5706162652978172, -0.6747809472332228]]",2,False,3242.225366712688,0.0,False
2007-07-02,1995-08-24,2007-07-02,3000,"[0.0, 0.0, 0.0]","[1.0, 1.0, 1.0]",26.826957952797247,3105.6333865083934,"[[-0.11495207703858393, 0.6210844909248223, 0.7978737687139403], [1.8598743844792514, -0.5609245292406168, -0.5757141709891515]]",2,False,3105.6333865083934,0.0,False
2007-07-02,1995-08-24,2007-07-02,3000,"[0.0, 0.0, 0.0]","[1.0, 1.0, 1.0]",30.0,3134.12843736137,"[[-0.09025980496449107, 0.5845554143485929, 0.7699114746126909], [1.918662055527878, -0.553448932944596, -0.5954439422670262]]",2,False,3134.12843736137,0.0,False
2007-07-02,1995-08-24,2007-07-02,3000,"[0.0, 0.0, 0.0]","[1.0, 1.0, 1.0]",40.0,3200.203447269234,"[[-0.044796948199115456, 0.5474768499958698, 0.7520647898753922], [1.9686169164696468, -0.5570435219551706, -0.657866263239409]]",2,False,3200.203447269234,0.0,False
2008-01-02,1996-02-23,2008-01-02,3000,"[0.0, 0.0, 0.0]","[1.0, 1.0, 1.0]",26.826957952797247,3105.8885135158407,"[[-0.10164059180240877, 0.5894554916258385, 0.7967984779204724], [1.861242617970605, -0.5610893789669339, -0.5760484966826889]]",2,False,3105.8885135158407,0.0,False
2008-01-02,1996-02-23,2008-01-02,3000,"[0.0, 0.0, 0.0]","[1.0, 1.0, 1.0]",30.0,3131.5938289081737,"[[-0.07756922638609004, 0.5542923336828904, 0.7693771642558338], [1.9186620555278777, -0.5534489329445962, -0.5954439422670261]]",2,False,3131.5938289081737,0.0,False
2008-01-02,1996-02-23,2008-01-02,3000,"[0.0, 0.0, 0.0]","[1.0, 1.0, 1.0]",40.0,3194.052437091449,"[[-0.02349359974178693, 0.5159544215168194, 0.748978056478377], [1.9786112534831217, -0.5681447890272395, -0.6733755038825343]]",2,False,3194.052437091449,0.0,False
2008-07-01,1996-08-27,2008-07-01,3000,"[0.0, 0.0, 0.0]","[1.0, 1.0, 1.0]",26.826957952797247,3220.6125036295152,"[[-0.12177166111774924, 0.6720703014211894, 0.8622845758552281], [1.6536366438342949, -0.5515584932203866, -0.5558540777111536]]",2,False,3220.6125036295152,0.0,False
2008-07-01,1996-08-27,2008-07-01,3000,"[0.0, 0.0, 0.0]","[1.0, 1.0, 1.0]",30.0,3255.515966148745,"[[-0.12177166111774924, 0.6720703014211894, 0.8622845758552281], [1.6536366438342949, -0.5515584932203866, -0.5558540777111536]]",2,False,3255.515966148745,0.0,False
2008-07-01,1996-08-27,2008-07-01,3000,"[0.0, 0.0, 0.0]","[1.0, 1.0, 1.0]",40.0,3332.0769298152636,"[[-0.06189972569236124, 0.5929459228290485, 0.7945270116703382], [1.7418658229561053, -0.5538909460962985, -0.5955403491677113]]",2,False,3332.076929815264,-4.547473508864641e-13,False
2009-01-02,1997-03-03,2009-01-02,3000,"[0.0, 0.0, 0.0]","[1.0, 1.0, 1.0]",26.826957952797247,3437.7516293661793,"[[0.06185818195590952, 0.4751041391100054, 0.6922477005601347], [2.065488349814293, -0.6970052804634267, -0.852657700982251]]",2,False,3437.7516293661797,-4.547473508864641e-13,False
2009-01-02,1997-03-03,2009-01-02,3000,"[0.0, 0.0, 0.0]","[1.0, 1.0, 1.0]",30.0,3470.7663102338793,"[[0.05844154205925828, 0.49085683183590967, 0.7324337601422067], [1.935938518916502, -0.6441102807127728, -0.8152650412483095]]",2,False,3470.7663102338797,-4.547473508864641e-13,False
2009-01-02,1997-03-03,2009-01-02,3000,"[0.0, 0.0, 0.0]","[1.0, 1.0, 1.0]",40.0,3540.766310233879,"[[0.05844154205925828, 0.49085683183590967, 0.7324337601422067], [1.935938518916502, -0.6441102807127728, -0.8152650412483095]]",2,False,3540.766310233879,0.0,False
2009-07-01,1997-09-02,2009-07-01,3000,"[0.0, 0.0, 0.0]","[1.0, 1.0, 1.0]",26.826957952797247,3257.1132776039976,"[[0.2360266845963532, 0.25042963694035203, 0.35295808825282265], [2.9167729488978553, -0.8823201100141006, -1.0748517589377862]]",2,False,3257.1132776039976,0.0,False
2009-07-01,1997-09-02,2009-07-01,3000,"[0.0, 0.0, 0.0]","[1.0, 1.0, 1.0]",30.0,3297.9165655416523,"[[0.031680449593059976, 0.43421338861571307, 0.5912261145086866], [2.042083922111814, -0.6661942009222308, -0.812843782663446]]",2,False,3297.9165655416523,0.0,False
2009-07-01,1997-09-02,2009-07-01,3000,"[0.0, 0.0, 0.0]","[1.0, 1.0, 1.0]",40.0,3363.902022410912,"[[0.0012831611838053333, 0.4486024822404916, 0.6484923312578432], [1.8875714640614119, -0.5786394733300825, -0.752701529558439]]",2,False,3363.902022410912,0.0,False
2010-01-04,1998-03-10,2010-01-04,3000,"[0.0, 0.0, 0.0]","[1.0, 1.0, 1.0]",26.826957952797247,3136.874620101953,"[[0.21242059192232124, 0.25636105309669305, 0.33947303868412515], [2.9262679061803065, -0.887497938755773, -1.112578867914382]]",2,False,3136.874620101953,0.0,False
2010-01-04,1998-03-10,2010-01-04,3000,"[0.0, 0.0, 0.0]","[1.0, 1.0, 1.0]",30.0,3174.951124668384,"[[0.21242059192232124, 0.25636105309669305, 0.33947303868412515], [2.9262679061803065, -0.887497938755773, -1.112578867914382]]",2,False,3174.951124668384,0.0,False
2010-01-04,1998-03-10,2010-01-04,3000,"[0.0, 0.0, 0.0]","[1.0, 1.0, 1.0]",40.0,3245.5285318468827,"[[0.028216159188899945, 0.44485349780232125, 0.6129215651504071], [1.9201524182786935, -0.6344058666667981, -0.8439985277168153]]",2,False,3245.5285318468827,0.0,False
2010-07-01,1998-09-10,2010-07-01,3000,"[0.0, 0.0, 0.0]","[1.0, 1.0, 1.0]",26.826957952797247,2954.7891340006026,"[[0.21555764248801013, 0.2024396730495101, 0.28246185963517073], [2.924982345404416, -0.8803693623010462, -1.146584005541151]]",2,False,2954.789134000602,4.547473508864641e-13,False
2010-07-01,1998-09-10,2010-07-01,3000,"[0.0, 0.0, 0.0]","[1.0, 1.0, 1.0]",30.0,2989.692596519831,"[[0.21555764248801013, 0.2024396730495101, 0.28246185963517073], [2.924982345404416, -0.8803693623010462, -1.146584005541151]]",2,False,2989.692596519831,0.0,False
2010-07-01,1998-09-10,2010-07-01,3000,"[0.0, 0.0, 0.0]","[1.0, 1.0, 1.0]",40.0,3099.6925965198316,"[[0.21555764248801013, 0.2024396730495101, 0.28246185963517073], [2.924982345404416, -0.8803693623010462, -1.146584005541151]]",2,False,3099.692596519832,-4.547473508864641e-13,False
2011-01-03,1999-03-17,2011-01-03,3000,"[0.0, 0.0, 0.0]","[1.0, 1.0, 1.0]",26.826957952797247,2832.295885889365,"[[0.1554733116390837, 0.22407211926348594, 0.3029854083465319], [2.8662402842673433, -0.9168490272610775, -1.2195249898356486]]",2,False,2832.295885889365,0.0,False
2011-01-03,1999-03-17,2011-01-03,3000,"[0.0, 0.0, 0.0]","[1.0, 1.0, 1.0]",30.0,2864.0263063613916,"[[0.1554733116390837, 0.22407211926348594, 0.3029854083465319], [2.8662402842673433, -0.9168490272610775, -1.2195249898356486]]",2,False,2864.026306361392,-4.547473508864641e-13,False
2011-01-03,1999-03-17,2011-01-03,3000,"[0.0, 0.0, 0.0]","[1.0, 1.0, 1.0]",40.0,2941.7036959291736,"[[0.0228138188213199, 0.3743239704918882, 0.5266320222504842], [1.824130474689893, -0.663993690844019, -0.9276289082712783]]",2,False,2941.7036959291736,0.0,False
2011-07-01,1999-09-17,2011-07-01,3000,"[0.0, 0.0, 0.0]","[1.0, 1.0, 1.0]",26.826957952797247,2839.6565156625825,"[[0.11543802606490916, 0.2296529194306052, 0.33057681903233477], [2.8635394102429372, -0.9154266436723186, -1.218467583060088]]",2,False,2839.6565156625825,0.0,False
2011-07-01,1999-09-17,2011-07-01,3000,"[0.0, 0.0, 0.0]","[1.0, 1.0, 1.0]",30.0,2871.1313550817467,"[[0.023079546194950708, 0.31556140130059374, 0.4613300535612225], [2.187120711631531, -0.7648874627724008, -1.0550732870006838]]",2,False,2871.386936134611,-0.25558105286427235,True
2011-07-01,1999-09-17,2011-07-01,3000,"[0.0, 0.0, 0.0]","[1.0, 1.0, 1.0]",40.0,2918.3265050043037,"[[-0.02700364724783217, 0.38094540455233966, 0.5608627074985322], [1.823615273716463, -0.6627199171446382, -0.926938696552067]]",2,False,2918.326505004304,-4.547473508864641e-13,False
2012-01-02,2000-03-21,2012-01-02,3000,"[0.0, 0.0, 0.0]","[1.0, 1.0, 1.0]",26.826957952797247,2722.662746343768,"[[0.04103934538786903, 0.20482239894718526, 0.3334854253665728], [2.5200912721258764, -0.8097158547261967, -1.0953649586471905]]",2,False,2722.662746343768,0.0,False
2012-01-02,2000-03-21,2012-01-02,3000,"[0.0, 0.0, 0.0]","[1.0, 1.0, 1.0]",30.0,2756.5521683629686,"[[-0.003684734607436504, 0.261403583368389, 0.42125319686332807], [2.182275244985767, -0.7602175181171571, -1.044387455584119]]",2,False,2756.5521683629686,0.0,False
2012-01-02,2000-03-21,2012-01-02,3000,"[0.0, 0.0, 0.0]","[1.0, 1.0, 1.0]",40.0,2829.297964781845,"[[-0.05964472362921113, 0.323831061582438, 0.5216104333897432], [1.8563407889870356, -0.6688659092710748, -0.9314823810800852]]",2,False,2829.297964781845,0.0,False
2012-07-02,2000-09-19,2012-07-02,3000,"[0.0, 0.0, 0.0]","[1.0, 1.0, 1.0]",26.826957952797247,2705.8290789958623,"[[-0.08116468616742978, 0.34252729685554345, 0.47030753607479203], [1.9970412412607645, -0.7264007573016672, -0.9809294080154208]]",2,False,2705.8290789958623,0.0,False
2012-07-02,2000-09-19,2012-07-02,3000,"[0.0, 0.0, 0.0]","[1.0, 1.0, 1.0]",30.0,2734.3864574206873,"[[-0.08116468616742978, 0.34252729685554345, 0.47030753607479203], [1.9970412412607645, -0.7264007573016672, -0.9809294080154208]]",2,False,2734.3864574206877,-4.547473508864641e-13,False
2012-07-02,2000-09-19,2012-07-02,3000,"[0.0, 0.0, 0.0]","[1.0, 1.0, 1.0]",40.0,2795.6130077570638,"[[-0.09285620595786653, 0.3568359090572174, 0.5070509063116773], [1.8586058141649682, -0.6691798371337077, -0.9324357875215862]]",2,False,2795.613007757064,-4.547473508864641e-13,False
2013-01-02,2001-03-21,2013-01-02,3000,"[0.0, 0.0, 0.0]","[1.0, 1.0, 1.0]",26.826957952797247,2545.1293150906,"[[0.0064605635926000314, 0.2614897258222039, 0.3351104613461509], [2.7702426416394883, -0.8449466815907523, -1.1575427515183117]]",2,False,2545.1293150906,0.0,False
2013-01-02,2001-03-21,2013-01-02,3000,"[0.0, 0.0, 0.0]","[1.0, 1.0, 1.0]",30.0,2580.032777609829,"[[0.0064605635926000314, 0.2614897258222039, 0.3351104613461509], [2.7702426416394883, -0.8449466815907523, -1.1575427515183117]]",2,False,2580.032777609829,0.0,False
2013-01-02,2001-03-21,2013-01-02,3000,"[0.0, 0.0, 0.0]","[1.0, 1.0, 1.0]",40.0,2690.0327776098275,"[[0.0064605635926000314, 0.2614897258222039, 0.3351104613461509], [2.7702426416394883, -0.8449466815907523, -1.1575427515183117]]",2,False,2690.0327776098275,0.0,False
2013-07-01,2001-09-17,2013-07-01,3000,"[0.0, 0.0, 0.0]","[1.0, 1.0, 1.0]",26.826957952797247,2397.754559997822,"[[-0.024296549800466992, 0.2889206421522221, 0.38380323220179585], [2.8323560018798526, -0.8120927106525845, -1.1386806166454728]]",2,False,2397.754559997822,0.0,False
2013-07-01,2001-09-17,2013-07-01,3000,"[0.0, 0.0, 0.0]","[1.0, 1.0, 1.0]",30.0,2426.311938422646,"[[-0.024296549800466992, 0.2889206421522221, 0.38380323220179585], [2.8323560018798526, -0.8120927106525845, -1.1386806166454728]]",2,False,2426.311938422646,0.0,False
2013-07-01,2001-09-17,2013-07-01,3000,"[0.0, 0.0, 0.0]","[1.0, 1.0, 1.0]",40.0,2516.311938422647,"[[-0.024296549800466992, 0.2889206421522221, 0.38380323220179585], [2.8323560018798526, -0.8120927106525845, -1.1386806166454728]]",2,False,2516.311938422647,0.0,False
2014-01-02,2002-03-21,2014-01-02,3000,"[0.0, 0.0, 0.0]","[1.0, 1.0, 1.0]",26.826957952797247,2325.0369443592003,"[[-0.08497930172910716, 0.31986988497018093, 0.4332154513886856], [2.7719282334792275, -0.8199689851849763, -1.1223815414121905]]",2,False,2325.0369443592003,0.0,False
2014-01-02,2002-03-21,2014-01-02,3000,"[0.0, 0.0, 0.0]","[1.0, 1.0, 1.0]",30.0,2350.421280736822,"[[-0.08497930172910716, 0.31986988497018093, 0.4332154513886856], [2.7719282334792275, -0.8199689851849763, -1.1223815414121905]]",2,False,2350.421280736822,0.0,False
2014-01-02,2002-03-21,2014-01-02,3000,"[0.0, 0.0, 0.0]","[1.0, 1.0, 1.0]",40.0,2430.4212807368226,"[[-0.08497930172910716, 0.31986988497018093, 0.4332154513886856], [2.7719282334792275, -0.8199689851849763, -1.1223815414121905]]",2,False,2430.4212807368226,0.0,False
2014-07-01,2002-09-17,2014-07-01,3000,"[0.0, 0.0, 0.0]","[1.0, 1.0, 1.0]",26.826957952797247,2204.577675262189,"[[-0.13693784316822735, 0.3629446286873006, 0.5091679496355902], [2.368049063204626, -0.7270298111237904, -1.045671053625923]]",2,False,2204.577675262189,0.0,False
2014-07-01,2002-09-17,2014-07-01,3000,"[0.0, 0.0, 0.0]","[1.0, 1.0, 1.0]",30.0,2226.7889695926087,"[[-0.13693784316822735, 0.3629446286873006, 0.5091679496355902], [2.368049063204626, -0.7270298111237904, -1.045671053625923]]",2,False,2226.7889695926087,0.0,False
2014-07-01,2002-09-17,2014-07-01,3000,"[0.0, 0.0, 0.0]","[1.0, 1.0, 1.0]",40.0,2296.788969592603,"[[-0.13693784316822735, 0.3629446286873006, 0.5091679496355902], [2.368049063204626, -0.7270298111237904, -1.045671053625923]]",2,False,2296.788969592603,0.0,False
2015-01-02,2003-03-20,2015-01-02,3000,"[0.0, 0.0, 0.0]","[1.0, 1.0, 1.0]",26.826957952797247,2206.7362516706607,"[[-0.13736970237083845, 0.3309102839262861, 0.4791572170504016], [2.092055513445469, -0.705149170002463, -1.0030901921760973]]",2,False,2206.7362516706607,0.0,False
2015-01-02,2003-03-20,2015-01-02,3000,"[0.0, 0.0, 0.0]","[1.0, 1.0, 1.0]",30.0,2228.947546001079,"[[-0.13736970237083845, 0.3309102839262861, 0.4791572170504016], [2.092055513445469, -0.705149170002463, -1.0030901921760973]]",2,False,2228.947546001079,0.0,False
2015-01-02,2003-03-20,2015-01-02,3000,"[0.0, 0.0, 0.0]","[1.0, 1.0, 1.0]",40.0,2288.0916211009694,"[[-0.1407173265725831, 0.34053057013254995, 0.49873879610600963], [1.8887706979984693, -0.6524979659203467, -0.9579351317265761]]",2,False,2288.0916211009694,0.0,False
2015-07-01,2003-09-15,2015-07-01,3000,"[0.0, 0.0, 0.0]","[1.0, 1.0, 1.0]",26.826957952797247,2239.320455102841,"[[-0.13964600762539414, 0.3339905209228314, 0.5045499386848719], [2.0728736394353966, -0.8131246409425562, -1.0730634562428047]]",2,False,2239.320455102841,0.0,False
2015-07-01,2003-09-15,2015-07-01,3000,"[0.0, 0.0, 0.0]","[1.0, 1.0, 1.0]",30.0,2258.358707386057,"[[-0.13964600762539414, 0.3339905209228314, 0.5045499386848719], [2.0728736394353966, -0.8131246409425562, -1.0730634562428047]]",2,False,2258.358707386057,0.0,False
2015-07-01,2003-09-15,2015-07-01,3000,"[0.0, 0.0, 0.0]","[1.0, 1.0, 1.0]",40.0,2307.8008332636973,"[[-0.1421967692093051, 0.3432554275561846, 0.5234007375235274], [1.8539467421892708, -0.7464515100661037, -1.0173900834944802]]",2,False,2307.8008332636973,0.0,False
2016-01-04,2004-03-19,2016-01-04,3000,"[0.0, 0.0, 0.0]","[1.0, 1.0, 1.0]",26.826957952797247,2292.778415646569,"[[-0.13455654684160198, 0.3138583402288708, 0.48000709788097756], [2.0097710267874365, -0.8343100625806382, -1.045535177694953]]",2,False,2292.778415646569,0.0,False
2016-01-04,2004-03-19,2016-01-04,3000,"[0.0, 0.0, 0.0]","[1.0, 1.0, 1.0]",30.0,2318.162752024191,"[[-0.13455654684160198, 0.3138583402288708, 0.48000709788097756], [2.0097710267874365, -0.8343100625806382, -1.045535177694953]]",2,False,2318.162752024191,0.0,False
2016-01-04,2004-03-19,2016-01-04,3000,"[0.0, 0.0, 0.0]","[1.0, 1.0, 1.0]",40.0,2384.8000865029117,"[[-0.13763093828786313, 0.32348066348816673, 0.499637989790279], [1.8134913792681642, -0.770574103121407, -0.9963509796006196]]",2,False,2384.800086502912,-4.547473508864641e-13,False
2016-07-01,2004-09-15,2016-07-01,3000,"[0.0, 0.0, 0.0]","[1.0, 1.0, 1.0]",26.826957952797247,2348.644596822082,"[[-0.13984486018566913, 0.34503647603877596, 0.49096466392536753], [1.8685104720253853, -0.8296292813063044, -1.006790661552414]]",2,False,2348.644596822082,0.0,False
2016-07-01,2004-09-15,2016-07-01,3000,"[0.0, 0.0, 0.0]","[1.0, 1.0, 1.0]",30.0,2378.2126937302564,"[[-0.14232775918392307, 0.35124190326636767, 0.5069271735187306], [1.7337489590640094, -0.771935018124034, -0.9690083983492102]]",2,False,2378.2126937302564,0.0,False
2016-07-01,2004-09-15,2016-07-01,3000,"[0.0, 0.0, 0.0]","[1.0, 1.0, 1.0]",40.0,2436.785786359061,"[[-0.19019045665338521, 0.3664669458323167, 0.5583373153567829], [1.451798893643682, -0.560374911049076, -0.7909945195293987]]",2,False,2436.785786359061,0.0,False
2017-01-02,2005-03-17,2017-01-02,3000,"[0.0, 0.0, 0.0]","[1.0, 1.0, 1.0]",26.826957952797247,2383.255154289983,"[[-0.1127089736905307, 0.3332385673368308, 0.4740121511235707], [1.8778856278505582, -0.8334406601467654, -1.0112413355533485]]",2,False,2383.255154289983,0.0,False
2017-01-02,2005-03-17,2017-01-02,3000,"[0.0, 0.0, 0.0]","[1.0, 1.0, 1.0]",30.0,2413.793605046051,"[[-0.11546464793671436, 0.34047779345125767, 0.4909009912112244], [1.7345325988267095, -0.7744750186895859, -0.9703536233490643]]",2,False,2413.793605046051,0.0,False
2017-01-02,2005-03-17,2017-01-02,3000,"[0.0, 0.0, 0.0]","[1.0, 1.0, 1.0]",40.0,2490.486341150962,"[[-0.1460114219559228, 0.35793965726800475, 0.5318699250518817], [1.4947264593717522, -0.6266899849327424, -0.8388354588684303]]",2,False,2490.486341150962,0.0,False
2017-07-03,2005-09-13,2017-07-03,3000,"[0.0, 0.0, 0.0]","[1.0, 1.0, 1.0]",26.826957952797247,2427.6190067108346,"[[-0.13126892729020873, 0.36144978562402197, 0.49265482823770457], [1.8685104720253853, -0.8296292813063042, -1.006790661552414]]",2,False,2427.6190067108346,0.0,False
2017-07-03,2005-09-13,2017-07-03,3000,"[0.0, 0.0, 0.0]","[1.0, 1.0, 1.0]",30.0,2456.903817922318,"[[-0.13302548496940717, 0.3680282505918128, 0.5083438090907545], [1.734532598826709, -0.7744750186895862, -0.9703536233490643]]",2,False,2456.903817922318,0.0,False
2017-07-03,2005-09-13,2017-07-03,3000,"[0.0, 0.0, 0.0]","[1.0, 1.0, 1.0]",40.0,2527.7585617984937,"[[-0.19190963688875617, 0.3883954643591573, 0.5661777979256621], [1.452638726288718, -0.5535149719889338, -0.7818898992691786]]",2,False,2527.7585617984937,0.0,False
2018-01-02,2006-03-09,2018-01-02,3000,"[0.0, 0.0, 0.0]","[1.0, 1.0, 1.0]",26.826957952797247,2419.591563892784,"[[-0.14431109053978564, 0.32907008452977843, 0.45585483672671917], [1.877885627850558, -0.8334406601467654, -1.0112413355533485]]",2,False,2419.591563892784,0.0,False
2018-01-02,2006-03-09,2018-01-02,3000,"[0.0, 0.0, 0.0]","[1.0, 1.0, 1.0]",30.0,2450.723193373231,"[[-0.1476214141837317, 0.3362361495173877, 0.47242499741883626], [1.7345325988267093, -0.774475018689586, -0.9703536233490643]]",2,False,2450.723193373231,0.0,False
2018-01-02,2006-03-09,2018-01-02,3000,"[0.0, 0.0, 0.0]","[1.0, 1.0, 1.0]",40.0,2525.900981361354,"[[-0.20767684437336603, 0.3540521452972782, 0.5273766124776024], [1.452638726288718, -0.5535149719889335, -0.7818898992691786]]",2,False,2525.900981361354,0.0,False
2018-07-02,2006-09-05,2018-07-02,3000,"[0.0, 0.0, 0.0]","[1.0, 1.0, 1.0]",26.826957952797247,2420.8190618827116,"[[-0.16259755494895334, 0.31525290178135806, 0.4231184497466178], [1.877885627850558, -0.8334406601467658, -1.0112413355533483]]",2,False,2420.819061882712,-4.547473508864641e-13,False
2018-07-02,2006-09-05,2018-07-02,3000,"[0.0, 0.0, 0.0]","[1.0, 1.0, 1.0]",30.0,2452.549482354738,"[[-0.16259755494895334, 0.31525290178135806, 0.4231184497466178], [1.877885627850558, -0.8334406601467658, -1.0112413355533483]]",2,False,2452.549482354738,0.0,False
2018-07-02,2006-09-05,2018-07-02,3000,"[0.0, 0.0, 0.0]","[1.0, 1.0, 1.0]",40.0,2530.739827509109,"[[-0.2277774421564591, 0.3388642102920701, 0.49139256805899895], [1.452638726288718, -0.553514971988934, -0.7818898992691786]]",2,False,2530.739827509109,0.0,False
2019-01-02,2007-03-05,2019-01-02,3000,"[0.0, 0.0, 0.0]","[1.0, 1.0, 1.0]",26.826957952797247,2509.9613056109156,"[[-0.13974805970613297, 0.26210032533929867, 0.3755539151988463], [1.6992822740882851, -0.8736534857765298, -1.0417422019051517]]",2,False,2509.961305610916,-4.547473508864641e-13,False
2019-01-02,2007-03-05,2019-01-02,3000,"[0.0, 0.0, 0.0]","[1.0, 1.0, 1.0]",30.0,2539.3929748172886,"[[-0.14160139065919095, 0.2683408781007104, 0.3907862157608121], [1.582560109539179, -0.8216164725356547, -1.006095034377122]]",2,False,2539.3929748172886,0.0,False
2019-01-02,2007-03-05,2019-01-02,3000,"[0.0, 0.0, 0.0]","[1.0, 1.0, 1.0]",40.0,2625.642574664623,"[[-0.1447430371738071, 0.26580817962839837, 0.3967868121797765], [1.5002260633930007, -0.7530035991740491, -0.9520554729535939]]",2,False,2625.642574664623,0.0,False
2019-07-01,2007-08-30,2019-07-01,3000,"[0.0, 0.0, 0.0]","[1.0, 1.0, 1.0]",26.826957952797247,2466.1425144951418,"[[-0.15439642858317157, 0.25388886870369426, 0.31966167797427364], [1.681843710642761, -0.8754369020131716, -1.0474963264843955]]",2,False,2466.1425144951418,0.0,False
2019-07-01,2007-08-30,2019-07-01,3000,"[0.0, 0.0, 0.0]","[1.0, 1.0, 1.0]",30.0,2499.1960992284367,"[[-0.15731954454669414, 0.26113907992518626, 0.335950247787401], [1.559596752393941, -0.8212254209729672, -1.010761228785553]]",2,False,2499.1960992284367,0.0,False
2019-07-01,2007-08-30,2019-07-01,3000,"[0.0, 0.0, 0.0]","[1.0, 1.0, 1.0]",40.0,2595.0855679742763,"[[-0.16071042102623925, 0.2584870623482967, 0.34116088158127567], [1.4798764554949966, -0.7537875146016856, -0.9573808697647215]]",2,False,2595.0855679742763,0.0,False
2020-01-02,2008-03-03,2020-01-02,3000,"[0.0, 0.0, 0.0]","[1.0, 1.0, 1.0]",26.826957952797247,2457.0741382709402,"[[-0.16631994553648843, 0.2780282655524863, 0.34034352824824576], [1.5324410628898788, -0.8038315516859809, -1.010667256925863]]",2,False,2457.07413827094,4.547473508864641e-13,False
2020-01-02,2008-03-03,2020-01-02,3000,"[0.0, 0.0, 0.0]","[1.0, 1.0, 1.0]",30.0,2485.6315166957643,"[[-0.16631994553648843, 0.2780282655524863, 0.34034352824824576], [1.5324410628898788, -0.8038315516859809, -1.010667256925863]]",2,False,2485.6315166957643,0.0,False
2020-01-02,2008-03-03,2020-01-02,3000,"[0.0, 0.0, 0.0]","[1.0, 1.0, 1.0]",40.0,2566.58422618388,"[[-0.20013316979084053, 0.29231954165334906, 0.37365133161755665], [1.3402534162745336, -0.6581190256983971, -0.878479075463718]]",2,False,2566.58422618388,0.0,False
2020-07-01,2008-08-28,2020-07-01,3000,"[0.0, 0.0, 0.0]","[1.0, 1.0, 1.0]",26.826957952797247,2571.844407646352,"[[-0.11356203234456912, 0.22964369178206548, 0.27649490486290085], [2.5713838220146457, -0.9126614953770185, -1.100551890467091]]",2,False,2571.844407646352,0.0,False
2020-07-01,2008-08-28,2020-07-01,3000,"[0.0, 0.0, 0.0]","[1.0, 1.0, 1.0]",30.0,2600.401786071176,"[[-0.11356203234456912, 0.22964369178206548, 0.27649490486290085], [2.5713838220146457, -0.9126614953770185, -1.100551890467091]]",2,False,2600.401786071176,0.0,False
2020-07-01,2008-08-28,2020-07-01,3000,"[0.0, 0.0, 0.0]","[1.0, 1.0, 1.0]",40.0,2681.698585466906,"[[-0.14568359512242238, 0.23138338529047478, 0.2888559159318081], [2.38673509004595, -0.7650812229286181, -0.982044224854275]]",2,False,2681.698585466906,0.0,False
2021-01-04,2009-03-04,2021-01-04,3000,"[0.0, 0.0, 0.0]","[1.0, 1.0, 1.0]",26.826957952797247,2418.998899606546,"[[-0.10872171213058893, 0.2319592594948569, 0.2811870068445925], [2.258333212443906, -0.8185817697402971, -0.9566962799179463]]",2,False,2418.998899606546,0.0,False
2021-01-04,2009-03-04,2021-01-04,3000,"[0.0, 0.0, 0.0]","[1.0, 1.0, 1.0]",30.0,2447.55627803137,"[[-0.10872171213058893, 0.2319592594948569, 0.2811870068445925], [2.258333212443906, -0.8185817697402971, -0.9566962799179463]]",2,False,2447.55627803137,0.0,False
2021-01-04,2009-03-04,2021-01-04,3000,"[0.0, 0.0, 0.0]","[1.0, 1.0, 1.0]",40.0,2537.5562780313694,"[[-0.10872171213058893, 0.2319592594948569, 0.2811870068445925], [2.258333212443906, -0.8185817697402971, -0.9566962799179463]]",2,False,2537.5562780313694,0.0,False
2021-07-01,2009-08-31,2021-07-01,3000,"[0.0, 0.0, 0.0]","[1.0, 1.0, 1.0]",26.826957952797247,2366.816356831893,"[[-0.1526785854981011, 0.24481448813369036, 0.3096159296154515], [2.303100620689736, -0.8924839426650663, -0.9647597967457852]]",2,False,2366.816356831893,0.0,False
2021-07-01,2009-08-31,2021-07-01,3000,"[0.0, 0.0, 0.0]","[1.0, 1.0, 1.0]",30.0,2392.200693209515,"[[-0.1526785854981011, 0.24481448813369036, 0.3096159296154515], [2.303100620689736, -0.8924839426650663, -0.9647597967457852]]",2,False,2392.200693209515,0.0,False
2021-07-01,2009-08-31,2021-07-01,3000,"[0.0, 0.0, 0.0]","[1.0, 1.0, 1.0]",40.0,2472.2006932095132,"[[-0.1526785854981011, 0.24481448813369036, 0.3096159296154515], [2.303100620689736, -0.8924839426650663, -0.9647597967457852]]",2,False,2472.200693209513,4.547473508864641e-13,False
2022-01-03,2010-03-05,2022-01-03,3000,"[0.0, 0.0, 0.0]","[1.0, 1.0, 1.0]",26.826957952797247,2365.0282511728265,"[[-0.17671036357335426, 0.23169839543544452, 0.30740276956504425], [2.3031006206897366, -0.8924839426650661, -0.964759796745785]]",2,False,2365.0282511728265,0.0,False
2022-01-03,2010-03-05,2022-01-03,3000,"[0.0, 0.0, 0.0]","[1.0, 1.0, 1.0]",30.0,2390.4125875504483,"[[-0.17671036357335426, 0.23169839543544452, 0.30740276956504425], [2.3031006206897366, -0.8924839426650661, -0.964759796745785]]",2,False,2390.4125875504483,0.0,False
2022-01-03,2010-03-05,2022-01-03,3000,"[0.0, 0.0, 0.0]","[1.0, 1.0, 1.0]",40.0,2470.4125875504474,"[[-0.17671036357335426, 0.23169839543544452, 0.30740276956504425], [2.3031006206897366, -0.8924839426650661, -0.964759796745785]]",2,False,2470.412587550448,-4.547473508864641e-13,False
2022-07-01,2010-09-02,2022-07-01,3000,"[0.0, 0.0, 0.0]","[1.0, 1.0, 1.0]",26.826957952797247,2378.3700767057303,"[[-0.4254505205233269, 0.5068967063586429, 0.5980602678213827], [0.7619897754997622, -0.4826896056103881, -0.4758815996260907]]",2,False,2378.3700767057303,0.0,False
2022-07-01,2010-09-02,2022-07-01,3000,"[0.0, 0.0, 0.0]","[1.0, 1.0, 1.0]",30.0,2419.6196233193664,"[[-0.4254505205233269, 0.5068967063586429, 0.5980602678213827], [0.7619897754997622, -0.4826896056103881, -0.4758815996260907]]",2,False,2419.6196233193664,0.0,False
2022-07-01,2010-09-02,2022-07-01,3000,"[0.0, 0.0, 0.0]","[1.0, 1.0, 1.0]",40.0,2526.2497464199723,"[[-0.2686387535577022, 0.29485268464964076, 0.40045655337287794], [1.304097356171067, -0.6234161826738502, -0.7529163323833978]]",2,False,2526.2497464199723,0.0,False
2023-01-02,2011-03-07,2023-01-02,3000,"[0.0, 0.0, 0.0]","[1.0, 1.0, 1.0]",26.826957952797247,2421.078779317664,"[[-0.4132687199974562, 0.49677287321062963, 0.5692693023365052], [0.7418565886206466, -0.49556281365173, -0.5050870890683877]]",2,False,2421.078779317664,0.0,False
2023-01-02,2011-03-07,2023-01-02,3000,"[0.0, 0.0, 0.0]","[1.0, 1.0, 1.0]",30.0,2463.7628610441125,"[[-0.4385164542915924, 0.5313420368013168, 0.5839988968382237], [0.6938640942266723, -0.4691919787716398, -0.45035292823824186]]",2,False,2463.7628610441125,0.0,False
2023-01-02,2011-03-07,2023-01-02,3000,"[0.0, 0.0, 0.0]","[1.0, 1.0, 1.0]",40.0,2575.215744740139,"[[-0.2547602048891884, 0.27977870175171876, 0.371582024299268], [1.2069739202941883, -0.6305544585678466, -0.773149421163196]]",2,False,2575.215744740139,0.0,False
2023-07-03,2011-09-02,2023-07-03,3000,"[0.0, 0.0, 0.0]","[1.0, 1.0, 1.0]",26.826957952797247,2289.547912926083,"[[-0.4297103308170145, 0.5289977752298859, 0.5846378975737813], [0.7149248308263918, -0.4740502269134088, -0.49254472745898104]]",2,False,2289.547912926083,0.0,False
2023-07-03,2011-09-02,2023-07-03,3000,"[0.0, 0.0, 0.0]","[1.0, 1.0, 1.0]",30.0,2330.7974595397195,"[[-0.4297103308170145, 0.5289977752298859, 0.5846378975737813], [0.7149248308263918, -0.4740502269134088, -0.49254472745898104]]",2,False,2330.7974595397195,0.0,False
2023-07-03,2011-09-02,2023-07-03,3000,"[0.0, 0.0, 0.0]","[1.0, 1.0, 1.0]",40.0,2459.6766562779558,"[[-0.40899165526609366, 0.47600842467511245, 0.5389398565728354], [0.7634813807532789, -0.46287426603900705, -0.49782923869287743]]",2,False,2459.676656277956,-4.547473508864641e-13,False
