market,fit_date,lambda,jumps,objective,shifts_per_year
us,1981-06-19,0.55,49,1292.718230998892,4.116
us,1981-06-19,1.465348864441625,31,1327.426439677075,2.604
us,1981-06-19,5.459611390906074,18,1414.9973206959642,1.512
us,1981-06-19,23.5,12,1674.9901502856587,1.008
us,1981-06-19,37.5,8,1797.0538758813043,0.6719999999999999
us,1981-06-19,65.0,4,1963.9519485573653,0.33599999999999997
us,1981-07-01,0.55,44,1293.2287821885204,3.6959999999999997
us,1981-07-01,1.465348864441625,30,1326.5110310377643,2.52
us,1981-07-01,5.459611390906074,18,1411.5002540456003,1.512
us,1981-07-01,23.5,12,1671.7063273833387,1.008
us,1981-07-01,37.5,8,1794.2435047086406,0.6719999999999999
us,1981-07-01,65.0,4,1961.2461209110093,0.33599999999999997
us,1982-01-04,0.55,52,1323.0648120192488,4.367999999999999
us,1982-01-04,1.465348864441625,32,1358.1627981587517,2.6879999999999997
us,1982-01-04,5.459611390906074,18,1443.1963270254703,1.512
us,1982-01-04,23.5,14,1733.7814268801906,1.176
us,1982-01-04,37.5,10,1887.215994330873,0.84
us,1982-01-04,65.0,4,2070.309226661245,0.33599999999999997
us,1982-07-01,0.55,63,1295.37637749122,5.292
us,1982-07-01,1.465348864441625,43,1342.4495683969558,3.612
us,1982-07-01,5.459611390906074,21,1443.8386686862686,1.764
us,1982-07-01,23.5,12,1734.3780063039717,1.008
us,1982-07-01,37.5,5,1839.8192685406502,0.42
us,1982-07-01,65.0,3,1964.1857205283638,0.252
us,1983-01-03,0.55,72,1413.6058740813269,6.048
us,1983-01-03,1.465348864441625,46,1464.0290886642529,3.864
us,1983-01-03,5.459611390906074,23,1580.6321190358956,1.932
us,1983-01-03,23.5,12,1875.3195109997787,1.008
us,1983-01-03,37.5,6,1991.60775286662,0.504
us,1983-01-03,65.0,2,2139.6747523774447,0.16799999999999998
us,1983-07-01,0.55,72,1427.5531022932698,6.048
us,1983-07-01,1.465348864441625,46,1478.5861182176875,3.864
us,1983-07-01,5.459611390906074,22,1601.3234227067105,1.8479999999999999
us,1983-07-01,23.5,10,1890.8549485334665,0.84
us,1983-07-01,37.5,6,2003.5427296312298,0.504
us,1983-07-01,65.0,4,2142.199094420674,0.33599999999999997
us,1984-01-03,0.55,62,1435.5825640438172,5.208
us,1984-01-03,1.465348864441625,46,1483.5124017270525,3.864
us,1984-01-03,5.459611390906074,22,1599.3435798538364,1.8479999999999999
us,1984-01-03,23.5,12,1886.2058022182182,1.008
us,1984-01-03,37.5,6,1996.851803216293,0.504
us,1984-01-03,65.0,4,2134.053165268473,0.33599999999999997
us,1984-07-02,0.55,75,1461.3658676465893,6.3
us,1984-07-02,1.465348864441625,49,1515.0706401717932,4.116
us,1984-07-02,5.459611390906074,24,1639.6604710876413,2.016
us,1984-07-02,23.5,10,1926.516453464116,0.84
us,1984-07-02,37.5,6,2034.130751676028,0.504
us,1984-07-02,65.0,2,2156.510866412475,0.16799999999999998
us,1985-01-02,0.55,73,1468.7733970130857,6.132
us,1985-01-02,1.465348864441625,49,1523.5817884982941,4.116
us,1985-01-02,5.459611390906074,23,1642.6443088131718,1.932
us,1985-01-02,23.5,9,1912.722459417454,0.756
us,1985-01-02,37.5,5,2003.1084436043216,0.42
us,1985-01-02,65.0,1,2096.1505115169457,0.08399999999999999
us,1985-07-01,0.55,73,1526.676138943693,6.132
us,1985-07-01,1.465348864441625,47,1585.6170737255727,3.948
us,1985-07-01,5.459611390906074,25,1720.4612173028954,2.1
us,1985-07-01,23.5,10,1977.8268362277317,0.84
us,1985-07-01,37.5,6,2066.2638887546323,0.504
us,1985-07-01,65.0,4,2207.180495143773,0.33599999999999997
us,1986-01-02,0.55,73,1457.3569259284975,6.132
us,1986-01-02,1.465348864441625,55,1514.5419747234052,4.62
us,1986-01-02,5.459611390906074,23,1654.467479461522,1.932
us,1986-01-02,23.5,13,1956.2817621795725,1.0919999999999999
us,1986-01-02,37.5,5,2083.4689833344614,0.42
us,1986-01-02,65.0,3,2194.344087164752,0.252
us,1986-07-01,0.55,67,1478.7733455804205,5.628
us,1986-07-01,1.465348864441625,49,1530.6123020824648,4.116
us,1986-07-01,5.459611390906074,27,1668.2517036794673,2.268
us,1986-07-01,23.5,15,1994.5182805497273,1.26
us,1986-07-01,37.5,11,2163.9198273240763,0.9239999999999999
us,1986-07-01,65.0,3,2294.4081763987906,0.252
us,1987-01-02,0.55,71,1340.6900389097846,5.9639999999999995
us,1987-01-02,1.465348864441625,51,1396.0935258532418,4.284
us,1987-01-02,5.459611390906074,27,1540.5317890737776,2.268
us,1987-01-02,23.5,13,1864.3784724443408,1.0919999999999999
us,1987-01-02,37.5,6,2013.7923587088508,0.504
us,1987-01-02,65.0,6,2178.7923587088517,0.504
us,1987-07-01,0.55,75,1420.8450256291858,6.3
us,1987-07-01,1.465348864441625,57,1480.2777571576667,4.788
us,1987-07-01,5.459611390906074,31,1637.2809043006712,2.604
us,1987-07-01,23.5,15,1981.2456443811318,1.26
us,1987-07-01,37.5,6,2116.9654315006346,0.504
us,1987-07-01,65.0,2,2310.421746470683,0.16799999999999998
us,1988-01-04,0.55,2,2977.1267496032797,0.16799999999999998
us,1988-01-04,1.465348864441625,2,2978.9574473321627,0.16799999999999998
us,1988-01-04,5.459611390906074,2,2986.9459723850914,0.16799999999999998
us,1988-01-04,23.5,2,3023.0267496032793,0.16799999999999998
us,1988-01-04,37.5,2,3051.0267496032793,0.16799999999999998
us,1988-01-04,65.0,2,3106.0267496032793,0.16799999999999998
us,1988-07-01,0.55,2,3085.501016724231,0.16799999999999998
us,1988-07-01,1.465348864441625,2,3087.331714453114,0.16799999999999998
us,1988-07-01,5.459611390906074,2,3095.3202395060425,0.16799999999999998
us,1988-07-01,23.5,2,3131.4010167242304,0.16799999999999998
us,1988-07-01,37.5,2,3159.4010167242304,0.16799999999999998
us,1988-07-01,65.0,2,3214.4010167242304,0.16799999999999998
us,1989-01-03,0.55,2,3067.266664962037,0.16799999999999998
us,1989-01-03,1.465348864441625,2,3069.09736269092,0.16799999999999998
us,1989-01-03,5.459611390906074,2,3077.0858877438486,0.16799999999999998
us,1989-01-03,23.5,2,3113.1666649620365,0.16799999999999998
us,1989-01-03,37.5,2,3141.1666649620365,0.16799999999999998
us,1989-01-03,65.0,2,3196.1666649620365,0.16799999999999998
us,1989-07-03,0.55,2,3067.3079903568605,0.16799999999999998
us,1989-07-03,1.465348864441625,2,3069.1386880857435,0.16799999999999998
us,1989-07-03,5.459611390906074,2,3077.1272131386722,0.16799999999999998
us,1989-07-03,23.5,2,3113.20799035686,0.16799999999999998
us,1989-07-03,37.5,2,3141.20799035686,0.16799999999999998
us,1989-07-03,65.0,2,3196.20799035686,0.16799999999999998
de,1981-09-24,0.55,69,1906.997598915409,5.796
de,1981-09-24,2.829145724599095,45,2032.624833216404,3.78
de,1981-09-24,8.59842836500576,27,2222.4595282976657,2.268
de,1981-09-24,23.5,15,2496.7998881497124,1.26
de,1981-09-24,90.0,4,3168.1615244468753,0.33599999999999997
de,1981-09-24,185.0,1,3397.979971675414,0.08399999999999999
de,1982-01-04,0.55,68,1922.4322366351068,5.712
de,1982-01-04,2.829145724599095,42,2046.0066244076324,3.528
de,1982-01-04,8.59842836500576,26,2232.133030201154,2.1839999999999997
de,1982-01-04,23.5,14,2495.51715228665,1.176
de,1982-01-04,90.0,3,3155.608165553282,0.252
de,1982-01-04,185.0,3,3440.6081655532794,0.252
de,1982-07-01,0.55,74,1802.6656848252344,6.216
de,1982-07-01,2.829145724599095,44,1929.5012453985814,3.6959999999999997
de,1982-07-01,8.59842836500576,28,2120.355036176618,2.352
de,1982-07-01,23.5,14,2393.9814155225254,1.176
de,1982-07-01,90.0,6,3035.0818564712977,0.504
de,1982-07-01,185.0,2,3241.5866296910485,0.16799999999999998
de,1983-01-03,0.55,76,1839.744195436679,6.3839999999999995
de,1983-01-03,2.829145724599095,44,1970.2147631289643,3.6959999999999997
de,1983-01-03,8.59842836500576,28,2165.4726422673466,2.352
de,1983-01-03,23.5,14,2440.815184859563,1.176
de,1983-01-03,90.0,7,3050.1146528956792,0.588
de,1983-01-03,185.0,2,3279.047820680917,0.16799999999999998
de,1983-07-01,0.55,78,2049.472505721156,6.552
de,1983-07-01,2.829145724599095,46,2170.503506976503,3.864
de,1983-07-01,8.59842836500576,22,2360.4284182300958,1.8479999999999999
de,1983-07-01,23.5,14,2608.606350823823,1.176
de,1983-07-01,90.0,7,3230.748025476734,0.588
de,1983-07-01,185.0,3,3575.0396386812376,0.252
de,1984-01-02,0.55,80,2082.6498762770207,6.72
de,1984-01-02,2.829145724599095,42,2198.0327839991114,3.528
de,1984-01-02,8.59842836500576,20,2375.951433357338,1.68
de,1984-01-02,23.5,10,2583.5904994167217,0.84
de,1984-01-02,90.0,6,3129.298781764009,0.504
de,1984-01-02,185.0,4,3533.5276950054777,0.33599999999999997
de,1984-07-02,0.55,80,2054.1353930087566,6.72
de,1984-07-02,2.829145724599095,42,2171.1577725671673,3.528
de,1984-07-02,8.59842836500576,20,2352.2577272948733,1.68
de,1984-07-02,23.5,11,2577.6663331757136,0.9239999999999999
de,1984-07-02,90.0,6,3133.3992030777454,0.504
de,1984-07-02,185.0,3,3503.343808833365,0.252
de,1985-01-02,0.55,79,2048.888714268081,6.636
de,1985-01-02,2.829145724599095,42,2160.9431600555286,3.528
de,1985-01-02,8.59842836500576,20,2330.308148632835,1.68
de,1985-01-02,23.5,13,2560.9414822822755,1.0919999999999999
de,1985-01-02,90.0,6,3166.823503710168,0.504
de,1985-01-02,185.0,1,3436.419847257203,0.08399999999999999
de,1985-07-01,0.55,59,2039.5793058444672,4.9559999999999995
de,1985-07-01,2.829145724599095,37,2136.8383404014207,3.108
de,1985-07-01,8.59842836500576,19,2303.1452500403207,1.5959999999999999
de,1985-07-01,23.5,11,2524.34816162473,0.9239999999999999
de,1985-07-01,90.0,7,3140.8017315639154,0.588
de,1985-07-01,185.0,1,3519.1755949283465,0.08399999999999999
de,1986-01-02,0.55,71,2060.3730961146202,5.9639999999999995
de,1986-01-02,2.829145724599095,35,2161.3801644532505,2.94
de,1986-01-02,8.59842836500576,21,2332.697616626562,1.764
de,1986-01-02,23.5,11,2544.698242134982,0.9239999999999999
de,1986-01-02,90.0,5,3066.184000122559,0.42
de,1986-01-02,185.0,3,3442.0479502631897,0.252
de,1986-07-01,0.55,76,2347.099236731508,6.3839999999999995
de,1986-07-01,2.829145724599095,38,2456.6351507270006,3.1919999999999997
de,1986-07-01,8.59842836500576,26,2630.5202254736473,2.1839999999999997
de,1986-07-01,23.5,12,2858.17896632494,1.008
de,1986-07-01,90.0,5,3365.4026985854434,0.42
de,1986-07-01,185.0,2,3685.768643859041,0.16799999999999998
de,1987-01-02,0.55,79,2569.299718789254,6.636
de,1987-01-02,2.829145724599095,37,2681.284061491944,3.108
de,1987-01-02,8.59842836500576,25,2853.1144801242644,2.1
de,1987-01-02,23.5,11,3072.9534649884195,0.9239999999999999
de,1987-01-02,90.0,5,3553.377523323366,0.42
de,1987-01-02,185.0,2,3813.4308888194932,0.16799999999999998
de,1987-07-01,0.55,68,2707.0264304060897,5.712
de,1987-07-01,2.829145724599095,35,2809.9496641183123,2.94
de,1987-07-01,8.59842836500576,19,2979.522860200422,1.5959999999999999
de,1987-07-01,23.5,11,3180.162343518013,0.9239999999999999
de,1987-07-01,90.0,5,3713.761750136666,0.42
de,1987-07-01,185.0,1,3949.4293118876026,0.08399999999999999
de,1988-01-04,0.55,77,4115.021525360686,6.468
de,1988-01-04,2.829145724599095,17,4231.08535890861,1.428
de,1988-01-04,8.59842836500576,11,4297.223591635991,0.9239999999999999
de,1988-01-04,23.5,5,4394.462467535578,0.42
de,1988-01-04,90.0,1,4663.070769836852,0.08399999999999999
de,1988-01-04,185.0,1,4758.070769836852,0.08399999999999999
de,1988-07-01,0.55,26,4177.925937801591,2.1839999999999997
de,1988-07-01,2.829145724599095,14,4222.577929225636,1.176
de,1988-07-01,8.59842836500576,12,4292.195377868397,1.008
de,1988-07-01,23.5,6,4401.385890424054,0.504
de,1988-07-01,90.0,2,4803.112398470971,0.16799999999999998
de,1988-07-01,185.0,2,4993.112398470971,0.16799999999999998
de,1989-01-02,0.55,24,4108.848407536013,2.016
de,1989-01-02,2.829145724599095,14,4153.921245722258,1.176
de,1989-01-02,8.59842836500576,12,4223.929018196167,1.008
de,1989-01-02,23.5,6,4335.471700189454,0.504
de,1989-01-02,90.0,6,4735.743929588349,0.504
de,1989-01-02,185.0,2,4934.619270720296,0.16799999999999998
de,1989-07-03,0.55,24,4050.5412436588267,2.016
de,1989-07-03,2.829145724599095,16,4095.0935212422446,1.3439999999999999
de,1989-07-03,8.59842836500576,10,4162.656356554611,0.84
de,1989-07-03,23.5,6,4268.97531967379,0.504
de,1989-07-03,90.0,4,4633.55078172492,0.33599999999999997
de,1989-07-03,185.0,2,4860.822559580593,0.16799999999999998
jp,1981-12-09,0.55,63,1441.382956342181,5.292
jp,1981-12-09,2.829145724599095,41,1555.4555564373952,3.444
jp,1981-12-09,8.59842836500576,19,1723.052269358173,1.5959999999999999
jp,1981-12-09,17.5,13,1877.7499592069819,1.0919999999999999
jp,1981-12-09,45.0,7,2138.3406094507923,0.588
jp,1981-12-09,75.0,2,2305.101086804752,0.16799999999999998
jp,1982-01-04,0.55,63,1446.2394387307315,5.292
jp,1982-01-04,2.829145724599095,41,1561.7529726610287,3.444
jp,1982-01-04,8.59842836500576,20,1728.5336660224193,1.68
jp,1982-01-04,17.5,13,1884.0864302539794,1.0919999999999999
jp,1982-01-04,45.0,7,2143.2398278977143,0.588
jp,1982-01-04,75.0,2,2296.604356784168,0.16799999999999998
jp,1982-07-01,0.55,62,1435.576920865265,5.208
jp,1982-07-01,2.829145724599095,38,1545.8216460581705,3.1919999999999997
jp,1982-07-01,8.59842836500576,22,1705.7241621404562,1.8479999999999999
jp,1982-07-01,17.5,12,1842.1746895318677,1.008
jp,1982-07-01,45.0,6,2075.355303352946,0.504
jp,1982-07-01,75.0,4,2236.535385957587,0.33599999999999997
jp,1983-01-04,0.55,69,1317.2635797284254,5.796
jp,1983-01-04,2.829145724599095,43,1434.770353871561,3.612
jp,1983-01-04,8.59842836500576,23,1611.9129324732214,1.932
jp,1983-01-04,17.5,13,1752.4367902303738,1.0919999999999999
jp,1983-01-04,45.0,6,1996.072580374838,0.504
jp,1983-01-04,75.0,4,2150.327543369568,0.33599999999999997
jp,1983-07-01,0.55,70,1308.694692171273,5.88
jp,1983-07-01,2.829145724599095,42,1420.9422837721888,3.528
jp,1983-07-01,8.59842836500576,22,1586.3123668036346,1.8479999999999999
jp,1983-07-01,17.5,12,1718.5280790107383,1.008
jp,1983-07-01,45.0,6,1958.0333046594637,0.504
jp,1983-07-01,75.0,4,2113.9193550786213,0.33599999999999997
jp,1984-01-04,0.55,69,1185.6194424338387,5.796
jp,1984-01-04,2.829145724599095,39,1303.027149151446,3.276
jp,1984-01-04,8.59842836500576,21,1479.547266599561,1.764
jp,1984-01-04,17.5,10,1593.0326382659557,0.84
jp,1984-01-04,45.0,4,1765.0973791392344,0.33599999999999997
jp,1984-01-04,75.0,4,1885.097379139234,0.33599999999999997
jp,1984-07-02,0.55,71,1240.9405952853524,5.9639999999999995
jp,1984-07-02,2.829145724599095,43,1356.783597875403,3.612
jp,1984-07-02,8.59842836500576,21,1529.58390690254,1.764
jp,1984-07-02,17.5,11,1649.9749695062117,0.9239999999999999
jp,1984-07-02,45.0,5,1837.521356339332,0.42
jp,1984-07-02,75.0,4,1981.907735566278,0.33599999999999997
jp,1985-01-02,0.55,58,1060.7298248880138,4.872
jp,1985-01-02,2.829145724599095,38,1166.40119151849,3.1919999999999997
jp,1985-01-02,8.59842836500576,20,1319.5426359914286,1.68
jp,1985-01-02,17.5,12,1444.4209776165899,1.008
jp,1985-01-02,45.0,4,1672.10331271276,0.33599999999999997
jp,1985-01-02,75.0,4,1792.103312712759,0.33599999999999997
jp,1985-07-01,0.55,73,1027.6287069678365,6.132
jp,1985-07-01,2.829145724599095,41,1138.4803089250822,3.444
jp,1985-07-01,8.59842836500576,19,1292.8370726035273,1.5959999999999999
jp,1985-07-01,17.5,11,1408.0725195595885,0.9239999999999999
jp,1985-07-01,45.0,3,1610.9603854243107,0.252
jp,1985-07-01,75.0,3,1700.9603854243098,0.252
jp,1986-01-06,0.55,75,1027.798331236745,6.3
jp,1986-01-06,2.829145724599095,41,1147.3886056137655,3.444
jp,1986-01-06,8.59842836500576,21,1311.7285438694103,1.764
jp,1986-01-06,17.5,11,1430.2390352578557,0.9239999999999999
jp,1986-01-06,45.0,3,1620.896422092059,0.252
jp,1986-01-06,75.0,3,1710.8964220920582,0.252
jp,1986-07-01,0.55,67,1296.1258052133564,5.628
jp,1986-07-01,2.829145724599095,33,1404.6425988709532,2.772
jp,1986-07-01,8.59842836500576,21,1547.9516104716777,1.764
jp,1986-07-01,17.5,7,1676.301095046751,0.588
jp,1986-07-01,45.0,7,1868.8010950467499,0.588
jp,1986-07-01,75.0,1,2002.4678535037347,0.08399999999999999
jp,1987-01-05,0.55,63,1384.3780190764412,5.292
jp,1987-01-05,2.829145724599095,30,1481.237916667005,2.52
jp,1987-01-05,8.59842836500576,20,1629.3428982513756,1.68
jp,1987-01-05,17.5,14,1763.3241783501157,1.176
jp,1987-01-05,45.0,8,1986.9931702037968,0.6719999999999999
jp,1987-01-05,75.0,2,2099.2018722667185,0.16799999999999998
jp,1987-07-01,0.55,60,1450.6408639681213,5.04
jp,1987-07-01,2.829145724599095,32,1541.9892748346567,2.6879999999999997
jp,1987-07-01,8.59842836500576,21,1697.5176164159075,1.764
jp,1987-07-01,17.5,15,1837.062133744686,1.26
jp,1987-07-01,45.0,5,2093.5266544864116,0.42
jp,1987-07-01,75.0,1,2204.70344125359,0.08399999999999999
jp,1988-01-04,0.55,72,2281.7708652949714,6.048
jp,1988-01-04,2.829145724599095,32,2385.3873401015317,2.6879999999999997
jp,1988-01-04,8.59842836500576,24,2547.4387087670375,2.016
jp,1988-01-04,17.5,16,2701.9628658617835,1.3439999999999999
jp,1988-01-04,45.0,1,2816.4418736539687,0.08399999999999999
jp,1988-01-04,75.0,1,2846.4418736539687,0.08399999999999999
jp,1988-07-01,0.55,72,2309.67047727581,6.048
jp,1988-07-01,2.829145724599095,32,2423.372408098895,2.6879999999999997
jp,1988-07-01,8.59842836500576,20,2578.270795449455,1.68
jp,1988-07-01,17.5,16,2729.6042664009738,1.3439999999999999
jp,1988-07-01,45.0,2,2859.0959305444094,0.16799999999999998
jp,1988-07-01,75.0,2,2919.0959305444094,0.16799999999999998
jp,1989-01-04,0.55,77,2276.296103216896,6.468
jp,1989-01-04,2.829145724599095,43,2398.6012119210286,3.612
jp,1989-01-04,8.59842836500576,23,2564.080256068085,1.932
jp,1989-01-04,17.5,16,2724.186413024542,1.3439999999999999
jp,1989-01-04,45.0,2,2845.0070224402325,0.16799999999999998
jp,1989-01-04,75.0,2,2905.0070224402325,0.16799999999999998
jp,1989-07-03,0.55,76,2275.492981184013,6.3839999999999995
jp,1989-07-03,2.829145724599095,36,2395.266673190212,3.024
jp,1989-07-03,8.59842836500576,22,2553.5595034857442,1.8479999999999999
jp,1989-07-03,17.5,12,2716.8834302542277,1.008
jp,1989-07-03,45.0,4,2905.139984657622,0.33599999999999997
jp,1989-07-03,75.0,2,2962.2563599396262,0.16799999999999998
