agreement,grid
0.8951162790697674,0.1|1|10|21.5443|26.827|40|100|500
0.8946511627906977,3.72759|5|20|25|30|100|150|1000
0.8941860465116279,0.1|1|1.9307|10|30|40|100|1000
0.8940697674418605,3.72759|5|20|30|40|100|150|500
0.8937209302325582,0.1|1|10|21.5443|26.827|100|500
0.8937209302325582,0|0.1|1|10|21.5443|26.827|100|500
0.8937209302325582,0.1|1|10|21.5443|22|26.827|100|500
0.8934883720930232,0.1|1|10|21.5443|25|30|100|500
0.8934883720930232,0.1|1|10|21.5443|26.827|30|100|500
0.8931395348837209,0|1|1.9307|10|20|26.827|100|1000
0.8931395348837209,0.1|1|1.9307|10|20|26.827|100|1000
0.8930232558139535,35|40|500
0.8930232558139535,3.72759|5|35|40|100|150|1000
0.8930232558139535,3.72759|5|20|25|30|100|150|500
0.8930232558139535,3.72759|5|35|40|100|150|220|1000
0.8930232558139535,3.72759|5|35|40|100|150|500|1000
0.8926744186046511,3.72759|5|40|100|150|220|1000
0.8926744186046511,3.72759|5|40|100|150|220|500|1000
0.8924418604651163,0.1|1|10|21.5443|26.827|50|100|500
0.8922093023255814,0.1|1|10|21.5443|22|50|100|500
0.891860465116279,3.72759|5|40|150|220|1000
0.891860465116279,3.72759|5|40|150|220|500|1000
0.891860465116279,0.1|1|10|21.5443|26.827|100|150|500
0.8916279069767442,0.1|1|10|22|25|30|100|500
0.8916279069767442,0.1|1|10|22|26.827|30|100|500
0.8913953488372093,3.72759|5|35|40|100|150|500
0.8913953488372093,3.72759|5|35|40|100|150|220|500
0.8910465116279069,3.72759|5|40|100|150|220|500
0.8910465116279069,0.1|1|10|22|26.827|40|100|500
0.8902325581395348,3.72759|5|40|150|220|500
0.8897674418604651,0|1|10|21.5443|26.827|70|150|500
0.8896511627906977,0.1|1|10|22|26.827|100|500
0.8896511627906977,0|0.1|1|10|22|26.827|100|500
0.8895348837209303,5|20|40|100|150|500
0.8894186046511627,0.1|1|10|20|26.827|30|100|500
0.8894186046511627,0|1|15|26.827|30|100|150|1000
0.8888372093023256,0|1|1.9307|10|20|70|150|1000
0.8888372093023256,0|1|1.9307|15|26.827|100|150|1000
0.8888372093023256,0.1|1|1.9307|15|26.827|100|150|1000
0.8887209302325582,0|1|1.9307|15|26.827|70|150|1000
0.8884883720930232,0.1|1|10|22|40|50|100|500
0.8884883720930232,3.72759|10|21.5443|22|40|100|150|500
0.8883720930232558,0.1|1|10|22|26.827|50|100|500
0.8883720930232558,0|1|10|15|26.827|100|150|1000
0.8882558139534884,0.1|1|10|20|30|40|100|500
0.8881395348837209,0.1|1|10|22|50|100|500
0.8881395348837209,0|0.1|1|10|22|50|100|500
0.8881395348837209,0.1|1|10|22|35|50|100|500
0.8880232558139535,0|1|1.9307|15|26.827|100|1000
0.8880232558139535,0.1|1|1.9307|15|26.827|100|1000
0.8880232558139535,0|0.1|1|1.9307|15|26.827|100|1000
0.8880232558139535,0|1|1.9307|15|26.827|100|500|1000
0.8880232558139535,0.1|1|1.9307|15|26.827|100|500|1000
0.8877906976744186,0.1|1|10|22|26.827|100|150|500
0.8876744186046511,30|35|40|100|150|220|500
0.8874418604651163,0|1|15|26.827|70|150|1000
0.8874418604651163,0|1|15|26.827|40|70|150|1000
0.8874418604651163,0|1|15|26.827|70|150|500|1000
0.8872093023255814,0|1.9307|10|15|26.827|70|150|1000
0.8869767441860466,0|1|1.9307|10|22|70|150|500
0.8866279069767442,5|20|100|150|500
0.8862790697674419,0|1|1.9307|15|25|70|150|1000
0.8856976744186047,0|1|10|22|26.827|70|150|500
0.8846511627906977,0.1|1|10|22|50|70|150|500
0.8844186046511628,3.72759|10|22|40|100|150|500
0.8841860465116279,3.72759|10|20|22|40|100|150|500
0.8832558139534884,0.1|1|15|26.827|30|100|150|500
0.8810465116279069,0|15|40|51.7947|70|150|1000
0.8810465116279069,0|15|40|51.7947|70|150|500|1000
0.8809302325581395,0|15|40|50|70|150|1000
0.8809302325581395,0|15|40|50|51.7947|70|150|1000
0.8809302325581395,0|15|40|50|70|150|500|1000
0.8808139534883721,0|15|40|70|150|1000
0.8808139534883721,0|15|40|70|150|500|1000
0.8806976744186047,0|15|51.7947|70|150|1000
0.8806976744186047,0|15|51.7947|70|150|500|1000
0.8805813953488372,0|15|50|70|150|1000
0.8805813953488372,0|15|50|51.7947|70|150|1000
0.8805813953488372,0|15|50|70|150|500|1000
0.8805813953488372,0|15|50|51.7947|70|150|500|1000
0.8804651162790698,0|15|70|150|1000
0.8804651162790698,0|15|70|150|500|1000
0.8803488372093023,35|40|80|100|150|500
0.8803488372093023,0|15|20|70|150|1000
0.8803488372093023,35|40|80|100|150|1000
0.8803488372093023,35|40|80|100|150|220|500
0.8803488372093023,0|15|20|40|70|150|1000
0.8803488372093023,0|15|20|70|150|500|1000
0.8803488372093023,35|40|80|100|150|220|1000
0.8803488372093023,35|40|80|100|150|500|1000
0.8803488372093023,0|15|20|40|70|150|500|1000
0.8803488372093023,35|40|80|100|150|220|500|1000
0.8802325581395349,15|21.5443|51.7947|70|150|1000
0.8802325581395349,0|15|26.827|30|100|150|1000
0.8802325581395349,15|20|21.5443|51.7947|70|150|1000
0.8802325581395349,15|21.5443|51.7947|70|150|500|1000
0.8802325581395349,0|15|26.827|30|100|150|500|1000
0.8802325581395349,15|20|21.5443|22|51.7947|70|150|1000
0.8802325581395349,15|20|21.5443|51.7947|70|150|500|1000
0.8801162790697674,15|21.5443|50|51.7947|70|150|1000
0.8801162790697674,15|21.5443|50|51.7947|70|150|500|1000
0.88,35|40|100|150|500
0.88,35|40|100|150|1000
0.88,35|40|100|150|220|500
0.88,35|40|100|150|220|1000
0.88,35|40|100|150|500|1000
0.88,0|15|21.5443|51.7947|70|150|1000
0.88,35|40|100|150|220|500|1000
0.88,0|15|21.5443|40|51.7947|70|150|1000
0.88,0|15|21.5443|51.7947|70|150|500|1000
0.88,0|15|35|50|70|80|150|1000
0.88,15|35|50|51.7947|70|80|150|1000
0.8798837209302326,0|15|21.5443|70|150|1000
0.8798837209302326,15|40|51.7947|70|150|1000
0.8798837209302326,0|15|20|21.5443|70|150|1000
0.8798837209302326,0|15|21.5443|22|70|150|1000
0.8798837209302326,0|15|21.5443|40|70|150|1000
0.8798837209302326,0|15|21.5443|50|70|150|1000
0.8798837209302326,0|15|21.5443|70|150|500|1000
0.8798837209302326,15|21.5443|40|51.7947|70|150|1000
0.8798837209302326,15|40|51.7947|70|150|500|1000
0.8798837209302326,0|15|20|21.5443|22|70|150|1000
0.8798837209302326,0|15|20|21.5443|40|70|150|1000
0.8798837209302326,0|15|20|21.5443|70|150|500|1000
0.8798837209302326,0|15|21.5443|22|40|70|150|1000
0.8798837209302326,0|15|21.5443|22|70|150|500|1000
0.8798837209302326,0|15|21.5443|40|50|70|150|1000
0.8798837209302326,0|15|21.5443|40|70|150|500|1000
0.8798837209302326,0|15|21.5443|50|51.7947|70|150|1000
0.8798837209302326,0|15|21.5443|50|70|150|500|1000
0.8798837209302326,15|20|21.5443|40|51.7947|70|150|1000
0.8798837209302326,15|21.5443|40|51.7947|70|150|500|1000
0.8797674418604651,15|40|50|70|150|1000
0.8797674418604651,15|40|50|51.7947|70|150|1000
0.8797674418604651,15|40|50|70|150|500|1000
0.8797674418604651,15|21.5443|40|50|51.7947|70|150|1000
0.8797674418604651,15|40|50|51.7947|70|150|500|1000
0.8795348837209302,15|20|40|51.7947|70|150|1000
0.8795348837209302,15|20|40|51.7947|70|150|500|1000
0.8793023255813953,15|51.7947|70|150|1000
0.8793023255813953,0|15|30|70|150|1000
0.8793023255813953,15|20|51.7947|70|150|1000
0.8793023255813953,15|51.7947|70|150|500|1000
0.8793023255813953,0|15|30|40|70|150|1000
0.8793023255813953,0|15|30|70|150|500|1000
0.8793023255813953,15|20|51.7947|70|150|500|1000
0.8793023255813953,0|15|30|40|70|150|500|1000
0.8791860465116279,15|50|70|150|1000
0.8791860465116279,15|50|51.7947|70|150|1000
0.8791860465116279,15|50|70|150|500|1000
0.8791860465116279,0|15|20|22|70|150|1000
0.8791860465116279,15|50|51.7947|70|150|500|1000
0.8791860465116279,0|15|20|22|40|70|150|1000
0.8791860465116279,0|15|20|22|70|150|500|1000
0.8791860465116279,15|20|21.5443|51.7947|70|100|150|1000
0.8791860465116279,15|35|50|80|100|150|220|1000
0.8790697674418605,0|15|22|40|70|150|1000
0.8790697674418605,0|15|22|40|70|150|500|1000
0.8790697674418605,15|20|21.5443|51.7947|60|70|150|1000
0.878953488372093,15|40|51.7947|70|100|150|1000
0.878953488372093,15|20|40|51.7947|70|100|150|1000
0.878953488372093,15|35|51.7947|60|70|80|150|1000
0.878953488372093,15|40|51.7947|70|100|150|500|1000
0.8788372093023256,35|80|100|150|500
0.8788372093023256,35|80|100|150|1000
0.8788372093023256,35|80|100|150|220|500
0.8788372093023256,35|80|100|150|220|1000
0.8788372093023256,35|80|100|150|500|1000
0.8788372093023256,35|80|100|150|220|500|1000
0.8787209302325582,0|15|22|70|150|1000
0.8787209302325582,0.1|15|40|50|70|150|500
0.8787209302325582,0|15|22|30|70|150|1000
0.8787209302325582,0|15|22|70|150|500|1000
0.8787209302325582,15|20|51.7947|70|100|150|1000
0.8787209302325582,0|0.1|15|40|50|70|150|500
0.8787209302325582,0|15|22|30|40|70|150|1000
0.8787209302325582,0|15|22|30|70|150|500|1000
0.8787209302325582,15|20|51.7947|70|100|150|500|1000
0.8784883720930232,0|15|40|70|100|150|1000
0.8784883720930232,0|15|40|70|100|150|500|1000
0.8783720930232558,15|51.7947|70|100|150|1000
0.8783720930232558,0|0.1|15|50|70|150|500
0.8783720930232558,15|51.7947|70|100|150|500|1000
0.8783720930232558,15|20|40|51.7947|60|70|150|1000
0.8782558139534884,15|20|22|40|51.7947|70|150|1000
0.878139534883721,0.1|15|50|70|150|500
0.878139534883721,0|15|70|100|150|1000
0.878139534883721,0|15|70|100|150|500|1000
0.878139534883721,15|20|51.7947|60|70|150|1000
0.878139534883721,15|20|51.7947|60|70|150|500|1000
0.8780232558139535,15|20|22|51.7947|70|150|1000
0.8780232558139535,15|50|80|100|150|220|1000
0.8780232558139535,0|15|50|80|100|150|220|1000
0.8780232558139535,15|20|22|51.7947|70|150|500|1000
0.8780232558139535,15|40|50|80|100|150|220|1000
0.8780232558139535,15|50|51.7947|80|100|150|220|1000
0.8780232558139535,15|50|80|100|150|220|500|1000
0.877906976744186,15|21.5443|51.7947|70|80|150|1000
0.877906976744186,0|15|21.5443|51.7947|70|80|150|1000
0.877906976744186,15|20|21.5443|51.7947|70|80|150|1000
0.877906976744186,15|21.5443|40|51.7947|70|80|150|1000
0.877906976744186,15|21.5443|51.7947|70|80|150|500|1000
0.8777906976744186,15|21.5443|50|51.7947|70|80|150|1000
0.8773255813953489,15|40|51.7947|60|70|150|1000
0.8773255813953489,15|40|51.7947|60|70|150|500|1000
0.877093023255814,15|21.5443|51.7947|80|100|150|1000
0.877093023255814,15|20|21.5443|51.7947|80|100|150|1000
0.877093023255814,15|21.5443|40|51.7947|80|100|150|1000
0.877093023255814,15|21.5443|51.7947|80|100|150|500|1000
0.8769767441860465,15|51.7947|70|80|150|1000
0.8769767441860465,0|15|51.7947|70|80|150|1000
0.8769767441860465,15|40|51.7947|70|80|150|1000
0.8769767441860465,15|51.7947|70|80|150|500|1000
0.8769767441860465,0|15|40|51.7947|70|80|150|1000
0.8769767441860465,0|15|51.7947|70|80|150|500|1000
0.8769767441860465,15|40|51.7947|70|80|150|500|1000
0.8769767441860465,15|51.7947|60|80|100|150|220|1000
0.876860465116279,0|15|50|70|80|150|1000
0.876860465116279,15|20|51.7947|70|80|150|1000
0.876860465116279,15|50|51.7947|70|80|150|1000
0.876860465116279,0|15|40|50|70|80|150|1000
0.876860465116279,0|15|50|51.7947|70|80|150|1000
0.876860465116279,0|15|50|70|80|150|500|1000
0.876860465116279,15|20|22|51.7947|60|70|150|1000
0.876860465116279,15|20|40|51.7947|70|80|150|1000
0.876860465116279,15|20|51.7947|70|80|150|500|1000
0.876860465116279,15|40|50|51.7947|70|80|150|1000
0.876860465116279,15|50|51.7947|70|80|150|500|1000
0.876860465116279,15|50|60|80|100|150|220|1000
0.8767441860465116,70|100|150|1000
0.8767441860465116,70|100|150|500|1000
0.8767441860465116,15|51.7947|60|70|150|1000
0.8767441860465116,15|51.7947|60|70|150|500|1000
0.8767441860465116,15|21.5443|51.7947|60|70|80|150|1000
0.8765116279069768,15|51.7947|70|80|100|150|1000
0.8765116279069768,15|40|51.7947|70|80|100|150|1000
0.8765116279069768,15|51.7947|70|80|100|150|500|1000
0.8763953488372093,15|20|22|51.7947|70|80|150|1000
0.8763953488372093,15|20|51.7947|70|80|100|150|1000
0.8762790697674419,15|22|51.7947|70|80|150|1000
0.8762790697674419,15|22|40|51.7947|70|80|150|1000
0.8762790697674419,15|22|51.7947|70|80|150|500|1000
0.8761627906976744,15|51.7947|80|100|150|1000
0.8761627906976744,15|40|51.7947|80|100|150|1000
0.8761627906976744,15|51.7947|80|100|150|500|1000
0.8761627906976744,15|40|51.7947|80|100|150|500|1000
0.876046511627907,15|20|51.7947|80|100|150|1000
0.876046511627907,15|20|40|51.7947|80|100|150|1000
0.876046511627907,15|20|51.7947|80|100|150|500|1000
0.8758139534883721,15|51.7947|60|70|80|150|1000
0.8758139534883721,15|40|51.7947|60|70|80|150|1000
0.8758139534883721,15|51.7947|60|70|80|150|500|1000
0.8756976744186047,15|20|51.7947|60|70|80|150|1000
0.8751162790697674,15|22|51.7947|60|70|80|150|1000
0.8748837209302326,0|15|40|51.7947|70|150|500
0.8747674418604651,0|15|40|50|70|150|500
0.8747674418604651,0|15|40|50|51.7947|70|150|500
0.8746511627906977,0|15|40|70|150|500
0.8745348837209302,0|15|51.7947|70|150|500
0.8744186046511628,0|15|50|70|150|500
0.8744186046511628,0|15|50|51.7947|70|150|500
0.8743023255813953,0|15|70|150|500
0.8741860465116279,0|15|20|70|150|500
0.8741860465116279,0|15|20|40|70|150|500
0.8740697674418605,15|21.5443|51.7947|70|150|500
0.8740697674418605,15|20|21.5443|51.7947|70|150|500
0.8740697674418605,15|20|21.5443|22|51.7947|70|150|500
0.873953488372093,15|21.5443|50|51.7947|70|150|500
0.8738372093023256,0|15|21.5443|51.7947|70|150|500
0.8738372093023256,0|15|21.5443|40|51.7947|70|150|500
0.8738372093023256,15|35|50|51.7947|70|80|150|500
0.8737209302325581,0|15|21.5443|70|150|500
0.8737209302325581,15|40|51.7947|70|150|500
0.8737209302325581,0|15|20|21.5443|70|150|500
0.8737209302325581,0|15|21.5443|22|70|150|500
0.8737209302325581,0|15|21.5443|40|70|150|500
0.8737209302325581,15|21.5443|40|51.7947|70|150|500
0.8737209302325581,0|15|20|21.5443|22|70|150|500
0.8737209302325581,0|15|20|21.5443|40|70|150|500
0.8737209302325581,0|15|21.5443|22|40|70|150|500
0.8737209302325581,0|15|21.5443|50|51.7947|70|150|500
0.8737209302325581,15|20|21.5443|40|51.7947|70|150|500
0.8736046511627907,70|150|1000
0.8736046511627907,70|150|500|1000
0.8736046511627907,15|40|50|70|150|500
0.8736046511627907,15|40|50|51.7947|70|150|500
0.8736046511627907,15|21.5443|40|50|51.7947|70|150|500
0.8734883720930232,70|80|100|150|1000
0.8734883720930232,70|80|100|150|500|1000
0.8733720930232558,15|20|40|51.7947|70|150|500
0.873139534883721,80|100|150|1000
0.873139534883721,15|51.7947|70|150|500
0.873139534883721,80|100|150|500|1000
0.873139534883721,0|15|30|70|150|500
0.873139534883721,15|20|51.7947|70|150|500
0.873139534883721,0|15|30|40|70|150|500
0.8730232558139535,15|50|70|150|500
0.8730232558139535,15|50|51.7947|70|150|500
0.8730232558139535,0|15|20|22|70|150|500
0.8730232558139535,0|15|20|22|40|70|150|500
0.8730232558139535,15|35|50|80|100|150|220|500
0.872906976744186,0|15|22|40|70|150|500
0.872906976744186,15|20|21.5443|51.7947|60|70|150|500
0.8727906976744186,15|40|51.7947|70|100|150|500
0.8727906976744186,15|20|40|51.7947|70|100|150|500
0.8727906976744186,15|35|51.7947|60|70|80|150|500
0.8725581395348837,100|150|1000
0.8725581395348837,100|150|500|1000
0.8725581395348837,0|15|22|70|150|500
0.8725581395348837,15|20|51.7947|70|100|150|500
0.8723255813953489,0|15|40|70|100|150|500
0.8722093023255814,15|51.7947|70|100|150|500
0.8722093023255814,15|20|40|51.7947|60|70|150|500
0.872093023255814,15|20|22|40|51.7947|70|150|500
0.8719767441860465,0|15|70|100|150|500
0.8719767441860465,15|20|51.7947|60|70|150|500
0.871860465116279,15|20|22|51.7947|70|150|500
0.871860465116279,15|50|80|100|150|220|500
0.871860465116279,0|15|50|80|100|150|220|500
0.871860465116279,15|40|50|80|100|150|220|500
0.871860465116279,15|50|51.7947|80|100|150|220|500
0.8717441860465116,15|21.5443|51.7947|70|80|150|500
0.8717441860465116,0|15|21.5443|51.7947|70|80|150|500
0.8717441860465116,15|20|21.5443|51.7947|70|80|150|500
0.8717441860465116,15|21.5443|40|51.7947|70|80|150|500
0.8716279069767442,15|21.5443|50|51.7947|70|80|150|500
0.8711627906976744,70|80|150|1000
0.8711627906976744,70|80|150|500|1000
0.8711627906976744,15|40|51.7947|60|70|150|500
0.8709302325581395,15|21.5443|51.7947|80|100|150|500
0.8709302325581395,15|20|21.5443|51.7947|80|100|150|500
0.8709302325581395,15|21.5443|40|51.7947|80|100|150|500
0.8708139534883721,80|150|1000
0.8708139534883721,80|150|500|1000
0.8708139534883721,15|51.7947|70|80|150|500
0.8708139534883721,0|15|51.7947|70|80|150|500
0.8708139534883721,15|40|51.7947|70|80|150|500
0.8708139534883721,0|15|40|51.7947|70|80|150|500
0.8708139534883721,15|51.7947|60|80|100|150|220|500
0.8706976744186047,15|20|51.7947|70|80|150|500
0.8706976744186047,15|50|51.7947|70|80|150|500
0.8706976744186047,0|15|50|51.7947|70|80|150|500
0.8706976744186047,15|20|22|51.7947|60|70|150|500
0.8706976744186047,15|20|40|51.7947|70|80|150|500
0.8706976744186047,15|40|50|51.7947|70|80|150|500
0.8706976744186047,15|50|60|80|100|150|220|500
0.8705813953488372,15|51.7947|60|70|150|500
0.8705813953488372,15|21.5443|51.7947|60|70|80|150|500
0.8703488372093023,15|51.7947|70|80|100|150|500
0.8703488372093023,15|40|51.7947|70|80|100|150|500
0.8702325581395349,15|20|22|51.7947|70|80|150|500
0.8702325581395349,15|20|51.7947|70|80|100|150|500
0.8701162790697674,15|22|51.7947|70|80|150|500
0.8701162790697674,15|22|40|51.7947|70|80|150|500
0.87,15|51.7947|80|100|150|500
0.87,15|40|51.7947|80|100|150|500
0.8698837209302326,15|20|51.7947|80|100|150|500
0.8698837209302326,15|20|40|51.7947|80|100|150|500
0.8696511627906977,15|51.7947|60|70|80|150|500
0.8696511627906977,15|40|51.7947|60|70|80|150|500
0.8695348837209302,15|20|51.7947|60|70|80|150|500
0.8689534883720931,15|22|51.7947|60|70|80|150|500
0.866046511627907,150|1000
0.866046511627907,150|500|1000
0.865,100|150|500
0.8584883720930233,150|500
