market,basis,their_date,our_date,direction,lag,matched
us,v94_recon,2000-03-29,2000-03-31,-1,2,True
us,v94_recon,2000-04-28,2000-04-28,1,0,True
us,v94_recon,2007-08-15,2007-08-16,1,1,True
us,v94_recon,2011-08-19,2011-08-10,1,-7,True
us,v94_recon,2019-01-09,2019-01-02,-1,-5,True
us,v94_recon,2020-03-12,2020-03-09,1,-3,True
us,v94_recon,2020-06-03,2020-06-04,-1,1,True
us,v94_recon,2022-04-04,2022-04-19,-1,10,True
us,v94_recon,2022-04-08,2022-04-22,1,9,True
us,v94_recon,2023-05-22,2023-05-10,-1,-8,True
us,v94_recon,1990-01-22,,1,,False
us,v94_recon,1990-04-12,,-1,,False
us,v94_recon,1990-04-23,,1,,False
us,v94_recon,1990-05-08,,-1,,False
us,v94_recon,2000-01-27,,1,,False
us,v94_recon,2003-05-28,,-1,,False
us,v94_recon,2007-09-05,,-1,,False
us,v94_recon,2007-09-07,,1,,False
us,v94_recon,2007-09-25,,-1,,False
us,v94_recon,2008-01-04,,1,,False
us,v94_recon,2009-06-18,,-1,,False
us,v94_recon,2011-10-24,,-1,,False
us,v94_recon,2018-12-24,,1,,False
us,v94_recon,2022-01-27,,1,,False
us,v94_recon,2022-02-09,,-1,,False
us,v94_recon,2022-02-16,,1,,False
us,v94_recon,2022-08-16,,-1,,False
us,v94_recon,2022-09-01,,1,,False
us,v94_recon,2023-02-03,,-1,,False
us,v94_recon,2023-02-10,,1,,False
us,v94_recon,,2000-01-04,1,,False
us,v94_recon,,2000-03-24,-1,,False
us,v94_recon,,2000-03-27,1,,False
us,v94_recon,,2003-05-02,-1,,False
us,v94_recon,,2004-05-19,1,,False
us,v94_recon,,2004-05-25,-1,,False
us,v94_recon,,2006-06-13,1,,False
us,v94_recon,,2006-08-18,-1,,False
us,v94_recon,,2007-03-12,1,,False
us,v94_recon,,2007-03-30,-1,,False
us,v94_recon,,2009-04-30,-1,,False
us,v94_recon,,2012-01-27,-1,,False
us,v94_recon,,2012-01-31,1,,False
us,v94_recon,,2012-02-29,-1,,False
us,v94_recon,,2015-08-24,1,,False
us,v94_recon,,2015-08-31,-1,,False
us,v94_recon,,2016-01-19,1,,False
us,v94_recon,,2016-01-29,-1,,False
us,v94_recon,,2018-02-08,1,,False
us,v94_recon,,2018-03-09,-1,,False
us,v94_recon,,2018-03-27,1,,False
us,v94_recon,,2018-03-29,-1,,False
us,v94_recon,,2018-11-01,1,,False
us,v94_recon,,2022-03-08,1,,False
us,best_const,2003-05-28,2003-06-05,-1,6,True
us,best_const,2007-08-15,2007-08-16,1,1,True
us,best_const,2009-06-18,2009-07-01,-1,9,True
us,best_const,2011-08-19,2011-08-10,1,-7,True
us,best_const,2019-01-09,2019-01-02,-1,-5,True
us,best_const,2020-03-12,2020-03-09,1,-3,True
us,best_const,2020-06-03,2020-06-04,-1,1,True
us,best_const,2022-04-04,2022-04-19,-1,10,True
us,best_const,2022-04-08,2022-04-22,1,9,True
us,best_const,2023-05-22,2023-05-10,-1,-8,True
us,best_const,1990-01-22,,1,,False
us,best_const,1990-04-12,,-1,,False
us,best_const,1990-04-23,,1,,False
us,best_const,1990-05-08,,-1,,False
us,best_const,2000-01-27,,1,,False
us,best_const,2000-03-29,,-1,,False
us,best_const,2000-04-28,,1,,False
us,best_const,2007-09-05,,-1,,False
us,best_const,2007-09-07,,1,,False
us,best_const,2007-09-25,,-1,,False
us,best_const,2008-01-04,,1,,False
us,best_const,2011-10-24,,-1,,False
us,best_const,2018-12-24,,1,,False
us,best_const,2022-01-27,,1,,False
us,best_const,2022-02-09,,-1,,False
us,best_const,2022-02-16,,1,,False
us,best_const,2022-08-16,,-1,,False
us,best_const,2022-09-01,,1,,False
us,best_const,2023-02-03,,-1,,False
us,best_const,2023-02-10,,1,,False
us,best_const,,2000-01-03,1,,False
us,best_const,,2012-01-27,-1,,False
us,best_const,,2018-11-01,1,,False
us,best_const,,2022-03-08,1,,False
us,v10_selected,2000-03-29,2000-03-31,-1,2,True
us,v10_selected,2000-04-28,2000-04-28,1,0,True
us,v10_selected,2003-05-28,2003-05-16,-1,-7,True
us,v10_selected,2007-08-15,2007-08-09,1,-4,True
us,v10_selected,2011-08-19,2011-08-18,1,-1,True
us,v10_selected,2018-12-24,2018-12-27,1,2,True
us,v10_selected,2020-03-12,2020-03-12,1,0,True
us,v10_selected,2022-02-16,2022-02-14,1,-2,True
us,v10_selected,2022-08-16,2022-08-19,-1,3,True
us,v10_selected,2022-09-01,2022-08-26,1,-4,True
us,v10_selected,2023-02-03,2023-02-13,-1,6,True
us,v10_selected,1990-01-22,,1,,False
us,v10_selected,1990-04-12,,-1,,False
us,v10_selected,1990-04-23,,1,,False
us,v10_selected,1990-05-08,,-1,,False
us,v10_selected,2000-01-27,,1,,False
us,v10_selected,2007-09-05,,-1,,False
us,v10_selected,2007-09-07,,1,,False
us,v10_selected,2007-09-25,,-1,,False
us,v10_selected,2008-01-04,,1,,False
us,v10_selected,2009-06-18,,-1,,False
us,v10_selected,2011-10-24,,-1,,False
us,v10_selected,2019-01-09,,-1,,False
us,v10_selected,2020-06-03,,-1,,False
us,v10_selected,2022-01-27,,1,,False
us,v10_selected,2022-02-09,,-1,,False
us,v10_selected,2022-04-04,,-1,,False
us,v10_selected,2022-04-08,,1,,False
us,v10_selected,2023-02-10,,1,,False
us,v10_selected,2023-05-22,,-1,,False
us,v10_selected,,2000-01-04,1,,False
us,v10_selected,,2000-03-24,-1,,False
us,v10_selected,,2000-03-27,1,,False
us,v10_selected,,2006-06-21,1,,False
us,v10_selected,,2006-08-17,-1,,False
us,v10_selected,,2007-10-15,-1,,False
us,v10_selected,,2007-11-07,1,,False
us,v10_selected,,2009-04-30,-1,,False
us,v10_selected,,2012-02-09,-1,,False
us,v10_selected,,2018-04-13,1,,False
us,v10_selected,,2018-04-16,-1,,False
us,v10_selected,,2018-10-29,1,,False
us,v10_selected,,2018-11-30,-1,,False
us,v10_selected,,2019-02-14,-1,,False
us,v10_selected,,2020-07-01,-1,,False
us,v10_selected,,2023-03-10,1,,False
us,v10_selected,,2023-04-13,-1,,False
us,v10_selected,,2023-10-31,1,,False
us,v10_selected,,2023-11-06,-1,,False
de,v94_recon,1990-11-20,1990-11-19,-1,-1,True
de,v94_recon,1990-12-20,1990-12-27,1,2,True
de,v94_recon,1991-01-31,1991-02-04,-1,2,True
de,v94_recon,1991-08-20,1991-08-19,1,-1,True
de,v94_recon,1992-07-17,1992-07-24,1,5,True
de,v94_recon,1992-08-04,1992-08-05,-1,1,True
de,v94_recon,1992-08-07,1992-08-13,1,4,True
de,v94_recon,1992-09-11,1992-09-09,-1,-2,True
de,v94_recon,1992-09-24,1992-10-02,1,6,True
de,v94_recon,1992-10-20,1992-10-22,-1,2,True
de,v94_recon,1994-06-15,1994-06-21,1,4,True
de,v94_recon,1994-07-07,1994-07-13,-1,4,True
de,v94_recon,1995-04-04,1995-04-03,-1,-1,True
de,v94_recon,1997-10-27,1997-10-31,1,4,True
de,v94_recon,1998-08-21,1998-08-27,1,4,True
de,v94_recon,1998-12-21,1998-12-30,-1,5,True
de,v94_recon,1999-01-12,1999-01-04,1,-6,True
de,v94_recon,2008-02-04,2008-01-21,1,-10,True
de,v94_recon,2008-04-30,2008-05-13,-1,8,True
de,v94_recon,2011-08-05,2011-08-16,1,7,True
de,v94_recon,2014-10-10,2014-10-13,1,1,True
de,v94_recon,2014-10-21,2014-11-04,-1,10,True
de,v94_recon,2015-07-07,2015-07-01,1,-4,True
de,v94_recon,2015-07-08,2015-07-20,-1,8,True
de,v94_recon,2015-08-19,2015-08-24,1,3,True
de,v94_recon,2015-10-15,2015-10-29,-1,10,True
de,v94_recon,2015-12-11,2015-12-11,1,0,True
de,v94_recon,2015-12-14,2015-12-30,-1,10,True
de,v94_recon,2016-01-04,2016-01-11,1,5,True
de,v94_recon,2016-04-06,2016-03-31,-1,-4,True
de,v94_recon,2016-06-28,2016-06-28,1,0,True
de,v94_recon,1990-08-07,,1,,False
de,v94_recon,1991-08-26,,-1,,False
de,v94_recon,1992-11-02,,1,,False
de,v94_recon,1992-11-05,,-1,,False
de,v94_recon,1994-03-01,,1,,False
de,v94_recon,1994-03-02,,-1,,False
de,v94_recon,1994-07-01,,-1,,False
de,v94_recon,1994-07-04,,1,,False
de,v94_recon,1994-09-30,,1,,False
de,v94_recon,1994-10-10,,-1,,False
de,v94_recon,1994-10-20,,1,,False
de,v94_recon,1994-10-24,,-1,,False
de,v94_recon,1994-10-25,,1,,False
de,v94_recon,1994-10-28,,-1,,False
de,v94_recon,1995-03-09,,1,,False
de,v94_recon,1995-03-10,,-1,,False
de,v94_recon,1995-03-13,,1,,False
de,v94_recon,1995-03-14,,-1,,False
de,v94_recon,1995-03-15,,1,,False
de,v94_recon,1997-09-12,,1,,False
de,v94_recon,1997-09-16,,-1,,False
de,v94_recon,1997-10-23,,1,,False
de,v94_recon,1997-10-24,,-1,,False
de,v94_recon,1997-11-27,,-1,,False
de,v94_recon,1998-08-11,,1,,False
de,v94_recon,1998-08-13,,-1,,False
de,v94_recon,1998-11-03,,-1,,False
de,v94_recon,1998-11-10,,1,,False
de,v94_recon,1998-11-13,,-1,,False
de,v94_recon,1998-11-16,,1,,False
de,v94_recon,1998-11-17,,-1,,False
de,v94_recon,1998-11-30,,1,,False
de,v94_recon,1998-12-16,,-1,,False
de,v94_recon,1998-12-18,,1,,False
de,v94_recon,1999-01-13,,-1,,False
de,v94_recon,2001-03-23,,1,,False
de,v94_recon,2001-05-29,,-1,,False
de,v94_recon,2001-07-09,,1,,False
de,v94_recon,2002-04-08,,-1,,False
de,v94_recon,2002-06-04,,1,,False
de,v94_recon,2003-05-13,,-1,,False
de,v94_recon,2008-07-11,,1,,False
de,v94_recon,2008-07-23,,-1,,False
de,v94_recon,2008-09-18,,1,,False
de,v94_recon,2009-04-14,,-1,,False
de,v94_recon,2011-10-12,,-1,,False
de,v94_recon,2011-10-19,,1,,False
de,v94_recon,2011-10-21,,-1,,False
de,v94_recon,2011-10-31,,1,,False
de,v94_recon,2011-11-01,,-1,,False
de,v94_recon,2011-11-09,,1,,False
de,v94_recon,2011-11-10,,-1,,False
de,v94_recon,2011-11-21,,1,,False
de,v94_recon,2011-11-25,,-1,,False
de,v94_recon,2011-12-13,,1,,False
de,v94_recon,2011-12-15,,-1,,False
de,v94_recon,2012-06-01,,1,,False
de,v94_recon,2012-06-05,,-1,,False
de,v94_recon,2014-10-13,,-1,,False
de,v94_recon,2014-10-14,,1,,False
de,v94_recon,2014-10-17,,-1,,False
de,v94_recon,2014-10-20,,1,,False
de,v94_recon,2015-10-09,,-1,,False
de,v94_recon,2015-10-14,,1,,False
de,v94_recon,2016-03-01,,-1,,False
de,v94_recon,2016-03-10,,1,,False
de,v94_recon,2016-03-11,,-1,,False
de,v94_recon,2016-04-05,,1,,False
de,v94_recon,2016-04-07,,1,,False
de,v94_recon,2016-04-08,,-1,,False
de,v94_recon,2016-06-14,,1,,False
de,v94_recon,2016-06-16,,-1,,False
de,v94_recon,2016-07-15,,-1,,False
de,v94_recon,2020-03-02,,1,,False
de,v94_recon,2020-05-26,,-1,,False
de,v94_recon,2022-02-24,,1,,False
de,v94_recon,2022-05-27,,-1,,False
de,v94_recon,2022-06-14,,1,,False
de,v94_recon,2022-08-05,,-1,,False
de,v94_recon,2022-09-01,,1,,False
de,v94_recon,2022-10-25,,-1,,False
de,v94_recon,2023-10-30,,1,,False
de,v94_recon,2023-11-03,,-1,,False
de,v94_recon,,1990-08-31,1,,False
de,v94_recon,,1991-09-24,-1,,False
de,v94_recon,,1995-03-31,1,,False
de,v94_recon,,1997-12-18,-1,,False
de,v94_recon,,1999-03-19,-1,,False
de,v94_recon,,1999-03-31,1,,False
de,v94_recon,,1999-04-08,-1,,False
de,v94_recon,,2000-05-24,1,,False
de,v94_recon,,2000-05-31,-1,,False
de,v94_recon,,2000-11-30,1,,False
de,v94_recon,,2003-07-01,-1,,False
de,v94_recon,,2004-03-24,1,,False
de,v94_recon,,2004-04-08,-1,,False
de,v94_recon,,2004-05-19,1,,False
de,v94_recon,,2004-06-08,-1,,False
de,v94_recon,,2004-08-18,1,,False
de,v94_recon,,2004-08-27,-1,,False
de,v94_recon,,2006-07-03,1,,False
de,v94_recon,,2006-08-21,-1,,False
de,v94_recon,,2007-08-16,1,,False
de,v94_recon,,2007-09-06,-1,,False
de,v94_recon,,2007-09-07,1,,False
de,v94_recon,,2007-09-20,-1,,False
de,v94_recon,,2008-06-25,1,,False
de,v94_recon,,2009-08-12,-1,,False
de,v94_recon,,2012-02-07,-1,,False
de,v94_recon,,2014-08-11,1,,False
de,v94_recon,,2014-08-14,-1,,False
de,v94_recon,,2014-08-15,1,,False
de,v94_recon,,2014-08-18,-1,,False
de,v94_recon,,2015-06-19,1,,False
de,v94_recon,,2015-06-22,-1,,False
de,v94_recon,,2016-08-09,-1,,False
de,v94_recon,,2018-02-15,1,,False
de,v94_recon,,2018-04-23,-1,,False
de,v94_recon,,2018-10-19,1,,False
de,v94_recon,,2019-02-06,-1,,False
de,v94_recon,,2019-02-07,1,,False
de,v94_recon,,2019-02-15,-1,,False
de,v94_recon,,2019-08-19,1,,False
de,v94_recon,,2019-09-03,-1,,False
de,v94_recon,,2020-03-19,1,,False
de,v94_recon,,2020-07-01,-1,,False
de,v94_recon,,2022-01-03,1,,False
de,v94_recon,,2022-01-05,-1,,False
de,v94_recon,,2022-01-26,1,,False
de,v94_recon,,2022-11-11,-1,,False
de,v94_recon,,2023-10-04,1,,False
de,v94_recon,,2023-11-24,-1,,False
de,best_const,1990-08-07,1990-08-14,1,5,True
de,best_const,1990-11-20,1990-11-23,-1,2,True
de,best_const,1991-01-31,1991-02-11,-1,7,True
de,best_const,1991-08-20,1991-08-21,1,1,True
de,best_const,1992-10-20,1992-10-22,-1,2,True
de,best_const,1997-10-27,1997-10-30,1,3,True
de,best_const,1998-08-21,1998-08-25,1,2,True
de,best_const,1999-01-12,1999-01-13,1,1,True
de,best_const,1999-01-13,1999-01-11,-1,-2,True
de,best_const,2008-02-04,2008-01-23,1,-8,True
de,best_const,2008-07-11,2008-06-27,1,-10,True
de,best_const,2011-08-05,2011-08-10,1,3,True
de,best_const,2015-08-19,2015-08-26,1,5,True
de,best_const,2016-01-04,2016-01-18,1,10,True
de,best_const,2016-04-08,2016-04-19,-1,7,True
de,best_const,2016-06-28,2016-07-04,1,4,True
de,best_const,2020-03-02,2020-03-05,1,3,True
de,best_const,2022-02-24,2022-03-04,1,6,True
de,best_const,2022-05-27,2022-06-02,-1,4,True
de,best_const,2022-06-14,2022-06-21,1,5,True
de,best_const,2023-10-30,2023-10-16,1,-10,True
de,best_const,1990-12-20,,1,,False
de,best_const,1991-08-26,,-1,,False
de,best_const,1992-07-17,,1,,False
de,best_const,1992-08-04,,-1,,False
de,best_const,1992-08-07,,1,,False
de,best_const,1992-09-11,,-1,,False
de,best_const,1992-09-24,,1,,False
de,best_const,1992-11-02,,1,,False
de,best_const,1992-11-05,,-1,,False
de,best_const,1994-03-01,,1,,False
de,best_const,1994-03-02,,-1,,False
de,best_const,1994-06-15,,1,,False
de,best_const,1994-07-01,,-1,,False
de,best_const,1994-07-04,,1,,False
de,best_const,1994-07-07,,-1,,False
de,best_const,1994-09-30,,1,,False
de,best_const,1994-10-10,,-1,,False
de,best_const,1994-10-20,,1,,False
de,best_const,1994-10-24,,-1,,False
de,best_const,1994-10-25,,1,,False
de,best_const,1994-10-28,,-1,,False
de,best_const,1995-03-09,,1,,False
de,best_const,1995-03-10,,-1,,False
de,best_const,1995-03-13,,1,,False
de,best_const,1995-03-14,,-1,,False
de,best_const,1995-03-15,,1,,False
de,best_const,1995-04-04,,-1,,False
de,best_const,1997-09-12,,1,,False
de,best_const,1997-09-16,,-1,,False
de,best_const,1997-10-23,,1,,False
de,best_const,1997-10-24,,-1,,False
de,best_const,1997-11-27,,-1,,False
de,best_const,1998-08-11,,1,,False
de,best_const,1998-08-13,,-1,,False
de,best_const,1998-11-03,,-1,,False
de,best_const,1998-11-10,,1,,False
de,best_const,1998-11-13,,-1,,False
de,best_const,1998-11-16,,1,,False
de,best_const,1998-11-17,,-1,,False
de,best_const,1998-11-30,,1,,False
de,best_const,1998-12-16,,-1,,False
de,best_const,1998-12-18,,1,,False
de,best_const,1998-12-21,,-1,,False
de,best_const,2001-03-23,,1,,False
de,best_const,2001-05-29,,-1,,False
de,best_const,2001-07-09,,1,,False
de,best_const,2002-04-08,,-1,,False
de,best_const,2002-06-04,,1,,False
de,best_const,2003-05-13,,-1,,False
de,best_const,2008-04-30,,-1,,False
de,best_const,2008-07-23,,-1,,False
de,best_const,2008-09-18,,1,,False
de,best_const,2009-04-14,,-1,,False
de,best_const,2011-10-12,,-1,,False
de,best_const,2011-10-19,,1,,False
de,best_const,2011-10-21,,-1,,False
de,best_const,2011-10-31,,1,,False
de,best_const,2011-11-01,,-1,,False
de,best_const,2011-11-09,,1,,False
de,best_const,2011-11-10,,-1,,False
de,best_const,2011-11-21,,1,,False
de,best_const,2011-11-25,,-1,,False
de,best_const,2011-12-13,,1,,False
de,best_const,2011-12-15,,-1,,False
de,best_const,2012-06-01,,1,,False
de,best_const,2012-06-05,,-1,,False
de,best_const,2014-10-10,,1,,False
de,best_const,2014-10-13,,-1,,False
de,best_const,2014-10-14,,1,,False
de,best_const,2014-10-17,,-1,,False
de,best_const,2014-10-20,,1,,False
de,best_const,2014-10-21,,-1,,False
de,best_const,2015-07-07,,1,,False
de,best_const,2015-07-08,,-1,,False
de,best_const,2015-10-09,,-1,,False
de,best_const,2015-10-14,,1,,False
de,best_const,2015-10-15,,-1,,False
de,best_const,2015-12-11,,1,,False
de,best_const,2015-12-14,,-1,,False
de,best_const,2016-03-01,,-1,,False
de,best_const,2016-03-10,,1,,False
de,best_const,2016-03-11,,-1,,False
de,best_const,2016-04-05,,1,,False
de,best_const,2016-04-06,,-1,,False
de,best_const,2016-04-07,,1,,False
de,best_const,2016-06-14,,1,,False
de,best_const,2016-06-16,,-1,,False
de,best_const,2016-07-15,,-1,,False
de,best_const,2020-05-26,,-1,,False
de,best_const,2022-08-05,,-1,,False
de,best_const,2022-09-01,,1,,False
de,best_const,2022-10-25,,-1,,False
de,best_const,2023-11-03,,-1,,False
de,best_const,,1991-01-14,1,,False
de,best_const,,1991-10-07,-1,,False
de,best_const,,1992-10-13,1,,False
de,best_const,,1997-12-15,-1,,False
de,best_const,,1999-03-16,-1,,False
de,best_const,,2000-05-19,1,,False
de,best_const,,2000-08-03,-1,,False
de,best_const,,2000-10-18,1,,False
de,best_const,,2000-11-01,-1,,False
de,best_const,,2000-11-29,1,,False
de,best_const,,2003-06-19,-1,,False
de,best_const,,2006-07-03,1,,False
de,best_const,,2006-07-10,-1,,False
de,best_const,,2006-07-18,1,,False
de,best_const,,2006-07-26,-1,,False
de,best_const,,2008-05-19,-1,,False
de,best_const,,2009-05-05,-1,,False
de,best_const,,2012-01-11,-1,,False
de,best_const,,2015-11-03,-1,,False
de,best_const,,2016-08-09,-1,,False
de,best_const,,2018-11-15,1,,False
de,best_const,,2019-02-15,-1,,False
de,best_const,,2020-07-01,-1,,False
de,best_const,,2022-11-17,-1,,False
de,best_const,,2023-12-01,-1,,False
de,v10_selected,1998-11-10,1998-10-30,1,-7,True
de,v10_selected,1998-11-17,1998-11-30,-1,9,True
de,v10_selected,1999-01-12,1999-01-04,1,-6,True
de,v10_selected,2001-07-09,2001-07-02,1,-5,True
de,v10_selected,2016-04-08,2016-04-18,-1,6,True
de,v10_selected,2016-06-28,2016-07-01,1,3,True
de,v10_selected,1990-08-07,,1,,False
de,v10_selected,1990-11-20,,-1,,False
de,v10_selected,1990-12-20,,1,,False
de,v10_selected,1991-01-31,,-1,,False
de,v10_selected,1991-08-20,,1,,False
de,v10_selected,1991-08-26,,-1,,False
de,v10_selected,1992-07-17,,1,,False
de,v10_selected,1992-08-04,,-1,,False
de,v10_selected,1992-08-07,,1,,False
de,v10_selected,1992-09-11,,-1,,False
de,v10_selected,1992-09-24,,1,,False
de,v10_selected,1992-10-20,,-1,,False
de,v10_selected,1992-11-02,,1,,False
de,v10_selected,1992-11-05,,-1,,False
de,v10_selected,1994-03-01,,1,,False
de,v10_selected,1994-03-02,,-1,,False
de,v10_selected,1994-06-15,,1,,False
de,v10_selected,1994-07-01,,-1,,False
de,v10_selected,1994-07-04,,1,,False
de,v10_selected,1994-07-07,,-1,,False
de,v10_selected,1994-09-30,,1,,False
de,v10_selected,1994-10-10,,-1,,False
de,v10_selected,1994-10-20,,1,,False
de,v10_selected,1994-10-24,,-1,,False
de,v10_selected,1994-10-25,,1,,False
de,v10_selected,1994-10-28,,-1,,False
de,v10_selected,1995-03-09,,1,,False
de,v10_selected,1995-03-10,,-1,,False
de,v10_selected,1995-03-13,,1,,False
de,v10_selected,1995-03-14,,-1,,False
de,v10_selected,1995-03-15,,1,,False
de,v10_selected,1995-04-04,,-1,,False
de,v10_selected,1997-09-12,,1,,False
de,v10_selected,1997-09-16,,-1,,False
de,v10_selected,1997-10-23,,1,,False
de,v10_selected,1997-10-24,,-1,,False
de,v10_selected,1997-10-27,,1,,False
de,v10_selected,1997-11-27,,-1,,False
de,v10_selected,1998-08-11,,1,,False
de,v10_selected,1998-08-13,,-1,,False
de,v10_selected,1998-08-21,,1,,False
de,v10_selected,1998-11-03,,-1,,False
de,v10_selected,1998-11-13,,-1,,False
de,v10_selected,1998-11-16,,1,,False
de,v10_selected,1998-11-30,,1,,False
de,v10_selected,1998-12-16,,-1,,False
de,v10_selected,1998-12-18,,1,,False
de,v10_selected,1998-12-21,,-1,,False
de,v10_selected,1999-01-13,,-1,,False
de,v10_selected,2001-03-23,,1,,False
de,v10_selected,2001-05-29,,-1,,False
de,v10_selected,2002-04-08,,-1,,False
de,v10_selected,2002-06-04,,1,,False
de,v10_selected,2003-05-13,,-1,,False
de,v10_selected,2008-02-04,,1,,False
de,v10_selected,2008-04-30,,-1,,False
de,v10_selected,2008-07-11,,1,,False
de,v10_selected,2008-07-23,,-1,,False
de,v10_selected,2008-09-18,,1,,False
de,v10_selected,2009-04-14,,-1,,False
de,v10_selected,2011-08-05,,1,,False
de,v10_selected,2011-10-12,,-1,,False
de,v10_selected,2011-10-19,,1,,False
de,v10_selected,2011-10-21,,-1,,False
de,v10_selected,2011-10-31,,1,,False
de,v10_selected,2011-11-01,,-1,,False
de,v10_selected,2011-11-09,,1,,False
de,v10_selected,2011-11-10,,-1,,False
de,v10_selected,2011-11-21,,1,,False
de,v10_selected,2011-11-25,,-1,,False
de,v10_selected,2011-12-13,,1,,False
de,v10_selected,2011-12-15,,-1,,False
de,v10_selected,2012-06-01,,1,,False
de,v10_selected,2012-06-05,,-1,,False
de,v10_selected,2014-10-10,,1,,False
de,v10_selected,2014-10-13,,-1,,False
de,v10_selected,2014-10-14,,1,,False
de,v10_selected,2014-10-17,,-1,,False
de,v10_selected,2014-10-20,,1,,False
de,v10_selected,2014-10-21,,-1,,False
de,v10_selected,2015-07-07,,1,,False
de,v10_selected,2015-07-08,,-1,,False
de,v10_selected,2015-08-19,,1,,False
de,v10_selected,2015-10-09,,-1,,False
de,v10_selected,2015-10-14,,1,,False
de,v10_selected,2015-10-15,,-1,,False
de,v10_selected,2015-12-11,,1,,False
de,v10_selected,2015-12-14,,-1,,False
de,v10_selected,2016-01-04,,1,,False
de,v10_selected,2016-03-01,,-1,,False
de,v10_selected,2016-03-10,,1,,False
de,v10_selected,2016-03-11,,-1,,False
de,v10_selected,2016-04-05,,1,,False
de,v10_selected,2016-04-06,,-1,,False
de,v10_selected,2016-04-07,,1,,False
de,v10_selected,2016-06-14,,1,,False
de,v10_selected,2016-06-16,,-1,,False
de,v10_selected,2016-07-15,,-1,,False
de,v10_selected,2020-03-02,,1,,False
de,v10_selected,2020-05-26,,-1,,False
de,v10_selected,2022-02-24,,1,,False
de,v10_selected,2022-05-27,,-1,,False
de,v10_selected,2022-06-14,,1,,False
de,v10_selected,2022-08-05,,-1,,False
de,v10_selected,2022-09-01,,1,,False
de,v10_selected,2022-10-25,,-1,,False
de,v10_selected,2023-10-30,,1,,False
de,v10_selected,2023-11-03,,-1,,False
de,v10_selected,,1990-10-04,1,,False
de,v10_selected,,1990-10-24,-1,,False
de,v10_selected,,1999-03-18,-1,,False
de,v10_selected,,2001-04-23,1,,False
de,v10_selected,,2001-05-11,-1,,False
de,v10_selected,,2003-08-26,-1,,False
de,v10_selected,,2008-02-27,1,,False
de,v10_selected,,2009-09-16,-1,,False
de,v10_selected,,2011-08-31,1,,False
de,v10_selected,,2012-03-01,-1,,False
de,v10_selected,,2016-02-19,1,,False
de,v10_selected,,2016-10-31,-1,,False
jp,v94_recon,1990-03-19,1990-03-15,1,-2,True
jp,v94_recon,1991-06-27,1991-07-01,1,2,True
jp,v94_recon,1995-01-26,1995-01-23,1,-3,True
jp,v94_recon,1997-05-01,1997-04-21,-1,-7,True
jp,v94_recon,1997-08-11,1997-08-11,1,0,True
jp,v94_recon,1998-02-05,1998-02-06,-1,1,True
jp,v94_recon,1998-04-02,1998-03-30,1,-3,True
jp,v94_recon,1998-05-26,1998-05-21,-1,-3,True
jp,v94_recon,1998-05-28,1998-06-01,1,2,True
jp,v94_recon,1998-06-29,1998-06-29,-1,0,True
jp,v94_recon,1998-08-14,1998-08-11,1,-3,True
jp,v94_recon,1998-11-20,1998-11-24,-1,1,True
jp,v94_recon,1998-12-21,1998-12-11,1,-6,True
jp,v94_recon,1999-01-21,1999-01-20,-1,-1,True
jp,v94_recon,2000-04-17,2000-04-17,1,0,True
jp,v94_recon,2000-06-29,2000-06-27,-1,-2,True
jp,v94_recon,2000-07-25,2000-07-18,1,-4,True
jp,v94_recon,2000-08-24,2000-08-22,-1,-2,True
jp,v94_recon,2000-09-25,2000-09-22,1,-1,True
jp,v94_recon,2002-02-25,2002-03-07,-1,8,True
jp,v94_recon,2002-06-17,2002-06-26,1,7,True
jp,v94_recon,2003-06-10,2003-06-03,-1,-5,True
jp,v94_recon,2006-06-20,2006-06-21,1,1,True
jp,v94_recon,1991-02-12,,-1,,False
jp,v94_recon,1991-09-27,,-1,,False
jp,v94_recon,1991-12-05,,1,,False
jp,v94_recon,1992-09-08,,-1,,False
jp,v94_recon,1992-10-05,,1,,False
jp,v94_recon,1992-12-07,,-1,,False
jp,v94_recon,1993-11-11,,1,,False
jp,v94_recon,1994-02-04,,-1,,False
jp,v94_recon,1995-07-20,,-1,,False
jp,v94_recon,1996-12-30,,1,,False
jp,v94_recon,2001-04-26,,-1,,False
jp,v94_recon,2001-06-11,,1,,False
jp,v94_recon,2002-11-29,,-1,,False
jp,v94_recon,2002-12-05,,1,,False
jp,v94_recon,2003-02-13,,-1,,False
jp,v94_recon,2003-02-27,,1,,False
jp,v94_recon,2006-08-17,,-1,,False
jp,v94_recon,2007-12-03,,1,,False
jp,v94_recon,2009-04-03,,-1,,False
jp,v94_recon,2009-08-10,,1,,False
jp,v94_recon,2009-10-15,,-1,,False
jp,v94_recon,2010-09-07,,1,,False
jp,v94_recon,2010-10-08,,-1,,False
jp,v94_recon,2020-03-23,,1,,False
jp,v94_recon,2020-04-30,,-1,,False
jp,v94_recon,,1990-06-13,-1,,False
jp,v94_recon,,1990-07-02,1,,False
jp,v94_recon,,1990-07-18,-1,,False
jp,v94_recon,,1990-08-03,1,,False
jp,v94_recon,,1991-03-15,-1,,False
jp,v94_recon,,1991-03-29,1,,False
jp,v94_recon,,1991-04-18,-1,,False
jp,v94_recon,,1993-04-27,-1,,False
jp,v94_recon,,1993-12-20,1,,False
jp,v94_recon,,1994-06-01,-1,,False
jp,v94_recon,,1994-11-30,1,,False
jp,v94_recon,,1994-12-27,-1,,False
jp,v94_recon,,1995-08-31,-1,,False
jp,v94_recon,,1995-11-01,1,,False
jp,v94_recon,,1995-11-02,-1,,False
jp,v94_recon,,1996-07-22,1,,False
jp,v94_recon,,1996-07-23,-1,,False
jp,v94_recon,,1996-07-24,1,,False
jp,v94_recon,,1996-08-05,-1,,False
jp,v94_recon,,1996-08-06,1,,False
jp,v94_recon,,1996-08-13,-1,,False
jp,v94_recon,,1996-08-29,1,,False
jp,v94_recon,,1996-09-10,-1,,False
jp,v94_recon,,1996-10-31,1,,False
jp,v94_recon,,1996-11-01,-1,,False
jp,v94_recon,,1996-12-06,1,,False
jp,v94_recon,,1997-08-05,1,,False
jp,v94_recon,,1997-08-06,-1,,False
jp,v94_recon,,1997-08-07,1,,False
jp,v94_recon,,1997-08-08,-1,,False
jp,v94_recon,,1998-02-13,1,,False
jp,v94_recon,,1998-02-20,-1,,False
jp,v94_recon,,1998-02-24,1,,False
jp,v94_recon,,1998-02-27,-1,,False
jp,v94_recon,,1998-03-12,1,,False
jp,v94_recon,,1998-03-13,-1,,False
jp,v94_recon,,1998-03-18,1,,False
jp,v94_recon,,1998-03-20,-1,,False
jp,v94_recon,,1998-03-24,1,,False
jp,v94_recon,,1998-03-25,-1,,False
jp,v94_recon,,1999-09-22,1,,False
jp,v94_recon,,1999-09-30,-1,,False
jp,v94_recon,,2000-09-11,1,,False
jp,v94_recon,,2000-09-20,-1,,False
jp,v94_recon,,2000-12-04,-1,,False
jp,v94_recon,,2000-12-05,1,,False
jp,v94_recon,,2000-12-11,-1,,False
jp,v94_recon,,2000-12-14,1,,False
jp,v94_recon,,2003-12-10,1,,False
jp,v94_recon,,2003-12-29,-1,,False
jp,v94_recon,,2006-09-12,-1,,False
jp,v94_recon,,2007-08-24,1,,False
jp,v94_recon,,2009-06-11,-1,,False
jp,v94_recon,,2010-06-08,1,,False
jp,v94_recon,,2010-11-22,-1,,False
jp,v94_recon,,2011-03-22,1,,False
jp,v94_recon,,2011-07-15,-1,,False
jp,v94_recon,,2011-08-22,1,,False
jp,v94_recon,,2012-01-20,-1,,False
jp,v94_recon,,2012-05-14,1,,False
jp,v94_recon,,2012-07-04,-1,,False
jp,v94_recon,,2012-07-26,1,,False
jp,v94_recon,,2012-08-08,-1,,False
jp,v94_recon,,2013-06-03,1,,False
jp,v94_recon,,2013-07-16,-1,,False
jp,v94_recon,,2013-08-09,1,,False
jp,v94_recon,,2013-09-11,-1,,False
jp,v94_recon,,2021-07-01,1,,False
jp,v94_recon,,2023-06-13,-1,,False
jp,v94_recon,,2023-08-31,1,,False
jp,best_const,1991-06-27,1991-07-01,1,2,True
jp,best_const,2000-06-29,2000-07-03,-1,2,True
jp,best_const,2000-07-25,2000-07-12,1,-8,True
jp,best_const,1990-03-19,,1,,False
jp,best_const,1991-02-12,,-1,,False
jp,best_const,1991-09-27,,-1,,False
jp,best_const,1991-12-05,,1,,False
jp,best_const,1992-09-08,,-1,,False
jp,best_const,1992-10-05,,1,,False
jp,best_const,1992-12-07,,-1,,False
jp,best_const,1993-11-11,,1,,False
jp,best_const,1994-02-04,,-1,,False
jp,best_const,1995-01-26,,1,,False
jp,best_const,1995-07-20,,-1,,False
jp,best_const,1996-12-30,,1,,False
jp,best_const,1997-05-01,,-1,,False
jp,best_const,1997-08-11,,1,,False
jp,best_const,1998-02-05,,-1,,False
jp,best_const,1998-04-02,,1,,False
jp,best_const,1998-05-26,,-1,,False
jp,best_const,1998-05-28,,1,,False
jp,best_const,1998-06-29,,-1,,False
jp,best_const,1998-08-14,,1,,False
jp,best_const,1998-11-20,,-1,,False
jp,best_const,1998-12-21,,1,,False
jp,best_const,1999-01-21,,-1,,False
jp,best_const,2000-04-17,,1,,False
jp,best_const,2000-08-24,,-1,,False
jp,best_const,2000-09-25,,1,,False
jp,best_const,2001-04-26,,-1,,False
jp,best_const,2001-06-11,,1,,False
jp,best_const,2002-02-25,,-1,,False
jp,best_const,2002-06-17,,1,,False
jp,best_const,2002-11-29,,-1,,False
jp,best_const,2002-12-05,,1,,False
jp,best_const,2003-02-13,,-1,,False
jp,best_const,2003-02-27,,1,,False
jp,best_const,2003-06-10,,-1,,False
jp,best_const,2006-06-20,,1,,False
jp,best_const,2006-08-17,,-1,,False
jp,best_const,2007-12-03,,1,,False
jp,best_const,2009-04-03,,-1,,False
jp,best_const,2009-08-10,,1,,False
jp,best_const,2009-10-15,,-1,,False
jp,best_const,2010-09-07,,1,,False
jp,best_const,2010-10-08,,-1,,False
jp,best_const,2020-03-23,,1,,False
jp,best_const,2020-04-30,,-1,,False
jp,best_const,,1990-04-16,1,,False
jp,best_const,,1990-05-10,-1,,False
jp,best_const,,1990-07-02,1,,False
jp,best_const,,1991-04-18,-1,,False
jp,best_const,,1993-04-27,-1,,False
jp,best_const,,1993-12-20,1,,False
jp,best_const,,1994-06-01,-1,,False
jp,best_const,,1995-01-04,1,,False
jp,best_const,,1996-01-18,-1,,False
jp,best_const,,1997-01-29,1,,False
jp,best_const,,1999-12-02,-1,,False
jp,best_const,,2000-06-15,1,,False
jp,best_const,,2002-07-01,-1,,False
jp,best_const,,2003-01-06,1,,False
jp,best_const,,2003-09-10,-1,,False
jp,best_const,,2008-01-17,1,,False
jp,best_const,,2010-01-04,-1,,False
jp,best_const,,2020-04-13,1,,False
jp,best_const,,2020-06-04,-1,,False
jp,v10_selected,1991-06-27,1991-07-01,1,2,True
jp,v10_selected,1993-11-11,1993-11-26,1,10,True
jp,v10_selected,1996-12-30,1996-12-20,1,-5,True
jp,v10_selected,1997-05-01,1997-05-01,-1,0,True
jp,v10_selected,1997-08-11,1997-08-18,1,5,True
jp,v10_selected,1998-04-02,1998-03-30,1,-3,True
jp,v10_selected,1998-06-29,1998-07-06,-1,5,True
jp,v10_selected,1998-08-14,1998-08-25,1,7,True
jp,v10_selected,1999-01-21,1999-02-01,-1,7,True
jp,v10_selected,2000-04-17,2000-04-20,1,3,True
jp,v10_selected,2002-02-25,2002-03-05,-1,6,True
jp,v10_selected,2002-06-17,2002-06-24,1,5,True
jp,v10_selected,2003-06-10,2003-05-30,-1,-7,True
jp,v10_selected,2006-06-20,2006-06-06,1,-10,True
jp,v10_selected,2006-08-17,2006-08-21,-1,2,True
jp,v10_selected,1990-03-19,,1,,False
jp,v10_selected,1991-02-12,,-1,,False
jp,v10_selected,1991-09-27,,-1,,False
jp,v10_selected,1991-12-05,,1,,False
jp,v10_selected,1992-09-08,,-1,,False
jp,v10_selected,1992-10-05,,1,,False
jp,v10_selected,1992-12-07,,-1,,False
jp,v10_selected,1994-02-04,,-1,,False
jp,v10_selected,1995-01-26,,1,,False
jp,v10_selected,1995-07-20,,-1,,False
jp,v10_selected,1998-02-05,,-1,,False
jp,v10_selected,1998-05-26,,-1,,False
jp,v10_selected,1998-05-28,,1,,False
jp,v10_selected,1998-11-20,,-1,,False
jp,v10_selected,1998-12-21,,1,,False
jp,v10_selected,2000-06-29,,-1,,False
jp,v10_selected,2000-07-25,,1,,False
jp,v10_selected,2000-08-24,,-1,,False
jp,v10_selected,2000-09-25,,1,,False
jp,v10_selected,2001-04-26,,-1,,False
jp,v10_selected,2001-06-11,,1,,False
jp,v10_selected,2002-11-29,,-1,,False
jp,v10_selected,2002-12-05,,1,,False
jp,v10_selected,2003-02-13,,-1,,False
jp,v10_selected,2003-02-27,,1,,False
jp,v10_selected,2007-12-03,,1,,False
jp,v10_selected,2009-04-03,,-1,,False
jp,v10_selected,2009-08-10,,1,,False
jp,v10_selected,2009-10-15,,-1,,False
jp,v10_selected,2010-09-07,,1,,False
jp,v10_selected,2010-10-08,,-1,,False
jp,v10_selected,2020-03-23,,1,,False
jp,v10_selected,2020-04-30,,-1,,False
jp,v10_selected,,1990-04-27,1,,False
jp,v10_selected,,1990-05-31,-1,,False
jp,v10_selected,,1990-07-02,1,,False
jp,v10_selected,,1991-05-28,-1,,False
jp,v10_selected,,1993-05-28,-1,,False
jp,v10_selected,,1993-07-01,1,,False
jp,v10_selected,,1993-08-19,-1,,False
jp,v10_selected,,1996-02-21,-1,,False
jp,v10_selected,,1998-03-27,-1,,False
jp,v10_selected,,2003-11-21,1,,False
jp,v10_selected,,2004-01-07,-1,,False
jp,v10_selected,,2004-05-18,1,,False
jp,v10_selected,,2004-06-17,-1,,False
jp,v10_selected,,2007-08-08,1,,False
jp,v10_selected,,2009-05-26,-1,,False
jp,v10_selected,,2010-05-20,1,,False
jp,v10_selected,,2010-10-28,-1,,False
jp,v10_selected,,2010-11-01,1,,False
jp,v10_selected,,2010-11-05,-1,,False
jp,v10_selected,,2011-03-15,1,,False
jp,v10_selected,,2011-07-01,-1,,False
jp,v10_selected,,2011-08-11,1,,False
jp,v10_selected,,2012-01-26,-1,,False
jp,v10_selected,,2012-05-18,1,,False
jp,v10_selected,,2012-07-11,-1,,False
jp,v10_selected,,2012-07-23,1,,False
jp,v10_selected,,2012-08-14,-1,,False
jp,v10_selected,,2013-06-05,1,,False
jp,v10_selected,,2013-07-18,-1,,False
jp,v10_selected,,2013-08-20,1,,False
jp,v10_selected,,2013-09-11,-1,,False
us,hmm_vs_fig6,1990-08-31,1990-08-28,1,-3,True
us,hmm_vs_fig6,1990-09-11,1990-09-05,-1,-4,True
us,hmm_vs_fig6,1990-10-17,1990-10-16,1,-1,True
us,hmm_vs_fig6,1990-10-30,1990-10-26,-1,-2,True
us,hmm_vs_fig6,1998-09-08,1998-09-02,1,-3,True
us,hmm_vs_fig6,1998-10-30,1998-10-22,-1,-6,True
us,hmm_vs_fig6,1998-12-08,1998-12-08,1,0,True
us,hmm_vs_fig6,1998-12-24,1998-12-28,-1,1,True
us,hmm_vs_fig6,1999-02-10,1999-02-11,1,1,True
us,hmm_vs_fig6,1999-03-04,1999-03-12,-1,6,True
us,hmm_vs_fig6,1999-03-31,1999-03-31,1,0,True
us,hmm_vs_fig6,1999-04-12,1999-04-12,-1,0,True
us,hmm_vs_fig6,1999-09-09,1999-09-08,1,-1,True
us,hmm_vs_fig6,1999-12-27,1999-12-22,-1,-2,True
us,hmm_vs_fig6,2000-01-12,2000-01-10,1,-2,True
us,hmm_vs_fig6,2000-08-23,2000-08-22,-1,-1,True
us,hmm_vs_fig6,2000-10-11,2000-10-09,1,-2,True
us,hmm_vs_fig6,2001-01-26,2001-01-26,-1,0,True
us,hmm_vs_fig6,2001-02-23,2001-02-23,1,0,True
us,hmm_vs_fig6,2001-08-16,2001-08-16,-1,0,True
us,hmm_vs_fig6,2001-08-17,2001-08-17,1,0,True
us,hmm_vs_fig6,2002-01-02,2002-01-02,-1,0,True
us,hmm_vs_fig6,2002-02-01,2002-02-04,1,1,True
us,hmm_vs_fig6,2002-04-09,2002-04-09,-1,0,True
us,hmm_vs_fig6,2002-04-16,2002-04-17,1,1,True
us,hmm_vs_fig6,2003-08-28,2003-08-20,-1,-6,True
us,hmm_vs_fig6,2003-10-08,2003-09-30,1,-6,True
us,hmm_vs_fig6,2003-10-23,2003-10-15,-1,-6,True
us,hmm_vs_fig6,2004-03-25,2004-03-26,1,1,True
us,hmm_vs_fig6,2004-04-19,2004-04-20,-1,1,True
us,hmm_vs_fig6,2005-05-05,2005-05-05,1,0,True
us,hmm_vs_fig6,2005-05-19,2005-05-19,-1,0,True
us,hmm_vs_fig6,2007-03-01,2007-03-01,1,0,True
us,hmm_vs_fig6,2007-04-05,2007-04-12,-1,4,True
us,hmm_vs_fig6,2007-07-30,2007-07-30,1,0,True
us,hmm_vs_fig6,2007-09-28,2007-10-01,-1,1,True
us,hmm_vs_fig6,2007-11-05,2007-11-05,1,0,True
us,hmm_vs_fig6,2008-05-05,2008-05-05,-1,0,True
us,hmm_vs_fig6,2008-05-09,2008-05-09,1,0,True
us,hmm_vs_fig6,2008-05-14,2008-05-14,-1,0,True
us,hmm_vs_fig6,2008-06-10,2008-06-10,1,0,True
us,hmm_vs_fig6,2009-07-01,2009-07-01,-1,0,True
us,hmm_vs_fig6,2009-07-07,2009-07-08,1,1,True
us,hmm_vs_fig6,2009-08-06,2009-08-10,-1,2,True
us,hmm_vs_fig6,2009-11-02,2009-11-02,1,0,True
us,hmm_vs_fig6,2009-11-16,2009-11-13,-1,-1,True
us,hmm_vs_fig6,2010-05-12,2010-05-10,1,-2,True
us,hmm_vs_fig6,2010-08-16,2010-08-09,-1,-5,True
us,hmm_vs_fig6,2011-08-12,2011-08-18,1,4,True
us,hmm_vs_fig6,2012-01-11,2012-01-09,-1,-2,True
us,hmm_vs_fig6,2015-08-31,2015-08-27,1,-2,True
us,hmm_vs_fig6,2015-09-25,2015-09-23,-1,-2,True
us,hmm_vs_fig6,2015-10-02,2015-10-02,1,0,True
us,hmm_vs_fig6,2015-10-15,2015-10-14,-1,-1,True
us,hmm_vs_fig6,2016-01-21,2016-01-20,1,-1,True
us,hmm_vs_fig6,2016-03-10,2016-03-08,-1,-2,True
us,hmm_vs_fig6,2016-07-01,2016-06-30,1,-1,True
us,hmm_vs_fig6,2016-07-14,2016-07-13,-1,-1,True
us,hmm_vs_fig6,2018-02-09,2018-02-09,1,0,True
us,hmm_vs_fig6,2018-03-07,2018-03-09,-1,2,True
us,hmm_vs_fig6,2018-04-02,2018-03-28,1,-2,True
us,hmm_vs_fig6,2018-04-23,2018-04-30,-1,5,True
us,hmm_vs_fig6,2018-10-17,2018-10-16,1,-1,True
us,hmm_vs_fig6,2019-01-16,2019-01-15,-1,-1,True
us,hmm_vs_fig6,2019-08-09,2019-08-09,1,0,True
us,hmm_vs_fig6,2019-09-05,2019-09-06,-1,1,True
us,hmm_vs_fig6,2020-02-28,2020-02-28,1,0,True
us,hmm_vs_fig6,2020-06-03,2020-06-03,-1,0,True
us,hmm_vs_fig6,2020-06-12,2020-06-12,1,0,True
us,hmm_vs_fig6,2020-07-16,2020-07-14,-1,-2,True
us,hmm_vs_fig6,2020-09-11,2020-09-10,1,-1,True
us,hmm_vs_fig6,2020-12-01,2020-11-27,-1,-2,True
us,hmm_vs_fig6,2021-02-04,2021-01-27,1,-6,True
us,hmm_vs_fig6,2021-02-16,2021-02-08,-1,-5,True
us,hmm_vs_fig6,2021-03-05,2021-03-03,1,-2,True
us,hmm_vs_fig6,2021-03-19,2021-03-18,-1,-1,True
us,hmm_vs_fig6,2021-05-19,2021-05-18,1,-1,True
us,hmm_vs_fig6,2021-05-27,2021-05-26,-1,-1,True
us,hmm_vs_fig6,2021-10-07,2021-09-30,1,-5,True
us,hmm_vs_fig6,2021-10-13,2021-10-08,-1,-3,True
us,hmm_vs_fig6,2021-12-06,2021-11-26,1,-6,True
us,hmm_vs_fig6,2022-01-07,2022-01-06,-1,-1,True
us,hmm_vs_fig6,2022-01-26,2022-01-18,1,-6,True
us,hmm_vs_fig6,2023-04-06,2023-04-13,-1,4,True
us,hmm_vs_fig6,2023-11-02,2023-10-26,1,-5,True
us,hmm_vs_fig6,2023-11-20,2023-11-17,-1,-1,True
us,hmm_vs_fig6,1999-01-25,,1,,False
us,hmm_vs_fig6,1999-01-29,,-1,,False
us,hmm_vs_fig6,2007-03-08,,-1,,False
us,hmm_vs_fig6,2007-03-12,,1,,False
us,hmm_vs_fig6,2020-06-18,,-1,,False
us,hmm_vs_fig6,2020-06-24,,1,,False
us,hmm_vs_fig6,2020-07-08,,-1,,False
us,hmm_vs_fig6,2020-07-13,,1,,False
us,hmm_vs_fig6,2023-05-05,,1,,False
us,hmm_vs_fig6,2023-05-18,,-1,,False
us,hmm_vs_fig6,,1991-11-20,1,,False
us,hmm_vs_fig6,,1991-11-25,-1,,False
us,hmm_vs_fig6,,1997-08-21,1,,False
us,hmm_vs_fig6,,1997-08-28,-1,,False
us,hmm_vs_fig6,,1997-10-31,1,,False
us,hmm_vs_fig6,,1997-11-10,-1,,False
us,hmm_vs_fig6,,1998-09-29,-1,,False
us,hmm_vs_fig6,,1998-10-01,1,,False
us,hmm_vs_fig6,,1998-12-31,1,,False
us,hmm_vs_fig6,,1999-01-04,-1,,False
us,hmm_vs_fig6,,2014-10-13,1,,False
us,hmm_vs_fig6,,2014-10-15,-1,,False
us,hmm_vs_fig6,,2014-12-18,1,,False
us,hmm_vs_fig6,,2014-12-19,-1,,False
us,hmm_vs_fig6,,2018-02-26,-1,,False
us,hmm_vs_fig6,,2018-03-05,1,,False
us,hmm_vs_fig6,,2018-03-29,-1,,False
us,hmm_vs_fig6,,2018-04-06,1,,False
us,hmm_vs_fig6,,2020-10-23,-1,,False
us,hmm_vs_fig6,,2020-10-28,1,,False
us,hmm_vs_fig6,,2021-02-25,1,,False
us,hmm_vs_fig6,,2021-02-26,-1,,False
us,hmm_vs_fig6,,2021-12-30,-1,,False
us,hmm_vs_fig6,,2022-01-05,1,,False
us,hmm_vs_fig6,,2022-07-06,-1,,False
us,hmm_vs_fig6,,2022-07-07,1,,False
us,hmm_vs_fig6,,2022-07-08,-1,,False
us,hmm_vs_fig6,,2022-07-11,1,,False
us,hmm_vs_fig6,,2022-07-14,-1,,False
us,hmm_vs_fig6,,2022-07-15,1,,False
us,hmm_vs_fig6,,2023-09-26,1,,False
us,hmm_vs_fig6,,2023-09-27,-1,,False
us,hmm_vs_fig6,,2023-11-08,-1,,False
us,hmm_vs_fig6,,2023-11-10,1,,False
us,hmm_vs_fig6,,2023-11-13,-1,,False
us,hmm_vs_fig6,,2023-11-14,1,,False
