market,episode,start_date,end_date,length_days,delta_r,abs_delta_r,gross_delta_r,cost_delta_r,closed_delta_r,sign,jm_position_at_start,jm_state_at_start,jm_regime_at_start,c2d_position_at_start,period,settlement_date,settlement_delta_r
jp,1,1990-02-01,1990-02-01,1,0.0013443995537261002,0.0013443995537261002,0.0003443995537261,0.001,0.00034439955372610014,positive,0.0,1.0,bear_cash,1.0,normal,1990-02-02,-0.001
jp,2,1990-07-04,1990-07-04,1,0.00021958143452169998,0.00021958143452169998,-0.0007804185654783,0.001,-0.0007804185654783,positive,1.0,0.0,bull_equity,0.0,normal,1990-07-05,-0.001
jp,3,1990-08-10,1990-08-10,1,-0.0095489632743803,0.0095489632743803,-0.010548963274380301,0.001,-0.010548963274380301,negative,0.0,1.0,bear_cash,1.0,normal,1990-08-13,-0.001
jp,4,1991-02-21,1991-02-21,1,0.0078535300751484,0.0078535300751484,0.0068535300751484,0.001,0.0068535300751484006,positive,1.0,0.0,bull_equity,0.0,normal,1991-02-22,-0.001
jp,5,1991-04-02,1991-04-02,1,0.0102094192560242,0.0102094192560242,0.009209419256024198,0.001,0.009209419256024198,positive,0.0,1.0,bear_cash,1.0,normal,1991-04-03,-0.001
jp,6,1991-05-30,1991-05-30,1,-0.0047658091823905,0.0047658091823905,-0.0057658091823905,0.001,-0.0057658091823905,negative,1.0,0.0,bull_equity,0.0,normal,1991-05-31,-0.001
jp,7,1991-07-03,1991-07-03,1,-0.0251297370359944,0.0251297370359944,-0.0261297370359944,0.001,-0.026129737035994402,negative,0.0,1.0,bear_cash,1.0,normal,1991-07-04,-0.001
jp,8,1993-06-01,1993-06-01,1,-0.0008372394913257254,0.0008372394913257254,-0.0018372394913257254,0.001,-0.0018372394913257254,negative,1.0,0.0,bull_equity,0.0,normal,1993-06-02,-0.001
jp,9,1993-07-05,1993-07-05,1,0.0010181668789052255,0.0010181668789052255,1.8166878905225402e-05,0.001,1.8166878905225524e-05,positive,0.0,1.0,bear_cash,1.0,normal,1993-07-06,-0.001
jp,10,1993-08-23,1993-08-23,1,0.010435064858797874,0.010435064858797874,0.009435064858797875,0.001,0.009435064858797873,positive,1.0,0.0,bull_equity,0.0,normal,1993-08-24,-0.001
jp,11,1993-11-30,1993-11-30,1,0.021356255898838643,0.021356255898838643,0.020356255898838643,0.001,0.020356255898838643,positive,0.0,1.0,bear_cash,1.0,normal,1993-12-01,-0.001
jp,12,1995-09-04,1995-09-04,1,0.02153750973399809,0.02153750973399809,0.02053750973399809,0.001,0.02053750973399809,positive,1.0,0.0,bull_equity,0.0,normal,1995-09-05,-0.001
jp,13,1996-07-29,1996-07-29,1,-0.00643562507914247,0.00643562507914247,-0.00743562507914247,0.001,-0.00743562507914247,negative,0.0,1.0,bear_cash,1.0,normal,1996-07-30,-0.001
jp,14,1996-08-21,1996-08-21,1,-0.00601959219573343,0.00601959219573343,-0.00701959219573343,0.001,-0.00701959219573343,negative,1.0,0.0,bull_equity,0.0,normal,1996-08-22,-0.001
jp,15,1996-09-04,1996-09-04,1,0.0011977980952396303,0.0011977980952396303,0.00019779809523963018,0.001,0.00019779809523963032,positive,0.0,1.0,bear_cash,1.0,normal,1996-09-05,-0.001
jp,16,1996-09-18,1996-09-18,1,0.008205465232294372,0.008205465232294372,0.00720546523229437,0.001,0.0072054652322943715,positive,1.0,0.0,bull_equity,0.0,normal,1996-09-19,-0.001
jp,17,1996-12-11,1996-12-11,1,-0.01117266509588567,0.01117266509588567,-0.01217266509588567,0.001,-0.01217266509588567,negative,0.0,1.0,bear_cash,1.0,normal,1996-12-12,-0.001
jp,18,1997-04-25,1997-04-25,1,0.00553564469212997,0.00553564469212997,0.00453564469212997,0.001,0.00453564469212997,positive,1.0,0.0,bull_equity,0.0,normal,1997-04-28,-0.001
jp,19,1997-08-13,1997-08-13,1,-0.00371739860614607,0.00371739860614607,-0.00471739860614607,0.001,-0.00471739860614607,negative,0.0,1.0,bear_cash,1.0,normal,1997-08-14,-0.001
jp,20,1998-03-05,1998-03-05,1,0.01542064156973027,0.01542064156973027,0.014420641569730271,0.001,0.01442064156973027,positive,1.0,0.0,bull_equity,0.0,normal,1998-03-06,-0.0010000000000000009
jp,21,1998-04-02,1998-04-02,1,-0.032141953294257265,0.032141953294257265,-0.033141953294257266,0.001,-0.033141953294257266,negative,0.0,1.0,bear_cash,1.0,normal,1998-04-03,-0.001
jp,22,1998-06-01,1998-06-01,1,0.02328859180792097,0.02328859180792097,0.02228859180792097,0.001,0.02228859180792097,positive,1.0,0.0,bull_equity,0.0,normal,1998-06-02,-0.0009999999999999992
jp,23,1998-06-03,1998-06-03,1,-0.012306603546109969,0.012306603546109969,-0.01330660354610997,0.001,-0.01330660354610997,negative,0.0,1.0,bear_cash,1.0,normal,1998-06-04,-0.001
jp,24,1998-07-03,1998-07-03,1,-0.00143894360949183,0.00143894360949183,-0.00243894360949183,0.001,-0.0024389436094918292,negative,1.0,0.0,bull_equity,0.0,normal,1998-07-06,-0.0009999999999999992
jp,25,1998-08-18,1998-08-18,1,0.019222889565994328,0.019222889565994328,0.01822288956599433,0.001,0.018222889565994327,positive,0.0,1.0,bear_cash,1.0,normal,1998-08-19,-0.001
jp,26,1998-11-30,1998-11-30,1,0.013283922695073846,0.013283922695073846,0.012283922695073845,0.001,0.012283922695073847,positive,1.0,0.0,bull_equity,0.0,normal,1998-12-01,-0.0009999999999999996
jp,27,1998-12-17,1998-12-17,1,0.0032162343622608555,0.0032162343622608555,0.0022162343622608555,0.001,0.0022162343622608555,positive,0.0,1.0,bear_cash,1.0,normal,1998-12-18,-0.001
jp,28,1999-01-26,1999-01-26,1,-0.011222443459926856,0.011222443459926856,-0.012222443459926855,0.001,-0.012222443459926857,negative,1.0,0.0,bull_equity,0.0,normal,1999-01-27,-0.001
jp,29,1999-09-29,1999-09-29,1,-0.0014687880961877795,0.0014687880961877795,-0.0024687880961877795,0.001,-0.0024687880961877795,negative,0.0,1.0,bear_cash,1.0,normal,1999-09-30,-0.001
jp,30,1999-10-05,1999-10-05,1,-0.0001887193797983413,0.0001887193797983413,-0.0011887193797983414,0.001,-0.0011887193797983414,negative,1.0,0.0,bull_equity,0.0,normal,1999-10-06,-0.001
jp,31,2000-04-19,2000-04-19,1,0.007207557103494873,0.007207557103494873,0.006207557103494873,0.001,0.006207557103494873,positive,0.0,1.0,bear_cash,1.0,dotcom,2000-04-20,-0.001
jp,32,2000-07-04,2000-07-04,1,0.009169437469595153,0.009169437469595153,0.008169437469595154,0.001,0.008169437469595153,positive,1.0,0.0,bull_equity,0.0,dotcom,2000-07-05,-0.001
jp,33,2000-07-31,2000-07-31,1,-0.005978709924790754,0.005978709924790754,-0.006978709924790754,0.001,-0.006978709924790754,negative,0.0,1.0,bear_cash,1.0,dotcom,2000-08-01,-0.001
jp,34,2000-08-29,2000-08-29,1,0.0032588758431073934,0.0032588758431073934,0.0022588758431073934,0.001,0.0022588758431073925,positive,1.0,0.0,bull_equity,0.0,dotcom,2000-08-30,-0.0010000000000000009
jp,35,2000-09-27,2000-09-27,1,-0.017093925855398096,0.017093925855398096,-0.018093925855398096,0.001,-0.018093925855398096,negative,0.0,1.0,bear_cash,1.0,dotcom,2000-09-28,-0.001
jp,36,2002-03-13,2002-03-13,1,0.01749237730634933,0.01749237730634933,0.01649237730634933,0.001,0.01649237730634933,positive,1.0,0.0,bull_equity,0.0,dotcom,2002-03-14,-0.0010000000000000009
jp,37,2002-07-02,2002-07-02,1,0.00358857635491367,0.00358857635491367,0.00258857635491367,0.001,0.00258857635491367,positive,0.0,1.0,bear_cash,1.0,dotcom,2002-07-03,-0.001
jp,38,2003-06-10,2003-06-10,1,0.0047627591638607905,0.0047627591638607905,0.0037627591638607905,0.001,0.0037627591638607913,positive,1.0,0.0,bull_equity,0.0,normal,2003-06-11,-0.0009999999999999992
jp,39,2006-06-22,2006-06-22,1,0.03459980396664806,0.03459980396664806,0.03359980396664806,0.001,0.03359980396664806,positive,0.0,1.0,bear_cash,1.0,normal,2006-06-23,-0.001
jp,40,2006-09-06,2006-09-06,1,0.007189592584111284,0.007189592584111284,0.006189592584111284,0.001,0.0061895925841112835,positive,1.0,0.0,bull_equity,0.0,normal,2006-09-07,-0.0010000000000000009
jp,41,2007-08-22,2007-08-22,1,0.0009801735337556686,0.0009801735337556686,-1.9826466244331398e-05,0.001,-1.982646624433147e-05,positive,0.0,1.0,bear_cash,1.0,normal,2007-08-23,-0.001
jp,42,2009-06-09,2009-06-09,1,0.008908295489213198,0.008908295489213198,0.007908295489213199,0.001,0.007908295489213197,positive,1.0,0.0,bull_equity,0.0,normal,2009-06-10,-0.0010000000000000009
jp,43,2010-06-02,2010-06-02,1,-0.01011074683238924,0.01011074683238924,-0.011110746832389239,0.001,-0.011110746832389239,negative,0.0,1.0,bear_cash,1.0,normal,2010-06-03,-0.001
jp,44,2010-11-22,2010-11-22,1,-0.00833166314951372,0.00833166314951372,-0.00933166314951372,0.001,-0.00933166314951372,negative,1.0,0.0,bull_equity,0.0,normal,2010-11-24,-0.0009999999999999992
jp,45,2011-03-23,2011-03-23,1,-0.015457536875349514,0.015457536875349514,-0.016457536875349513,0.001,-0.016457536875349513,negative,0.0,1.0,bear_cash,1.0,normal,2011-03-24,-0.001
jp,46,2011-07-14,2011-07-14,1,0.003635605183710984,0.003635605183710984,0.002635605183710984,0.001,0.002635605183710984,positive,1.0,0.0,bull_equity,0.0,normal,2011-07-15,-0.001
jp,47,2011-08-25,2011-08-25,1,0.016443555405500205,0.016443555405500205,0.015443555405500206,0.001,0.015443555405500204,positive,0.0,1.0,bear_cash,1.0,normal,2011-08-26,-0.001
jp,48,2012-02-23,2012-02-23,1,-0.003347043963289146,0.003347043963289146,-0.0043470439632891465,0.001,-0.0043470439632891465,negative,1.0,0.0,bull_equity,0.0,normal,2012-02-24,-0.001
jp,49,2016-03-01,2016-03-01,1,0.004666673250275333,0.004666673250275333,0.003666673250275333,0.001,0.005666673250275334,positive,0.0,1.0,bear_cash,1.0,normal,2016-03-02,0.0010000000000000009
